-- HIGHLIGHT ALL AND CLICK RUN BUTTON
-- IT WILL RUN FOR FEW MINUTES
-- ONLY RUN ONCE
--------------------------------------------------------
--  File created - Monday-April-11-2022
--------------------------------------------------------
--------------------------------------------------------
--  DDL for Table AGENTS
--------------------------------------------------------

CREATE TABLE "HR"."AGENTS"
(	"EMPLOYEEID" NUMBER(11,0),
     "LASTNAME" VARCHAR2(255 BYTE) DEFAULT NULL,
     "FIRSTNAME" VARCHAR2(255 BYTE) DEFAULT NULL,
     "BIRTHDATE" DATE DEFAULT NULL,
     "PHOTO" VARCHAR2(255 BYTE) DEFAULT NULL,
     "NOTES" VARCHAR2(500 BYTE)
) SEGMENT CREATION IMMEDIATE
    PCTFREE 10 PCTUSED 40 INITRANS 1 MAXTRANS 255 NOCOMPRESS LOGGING
    STORAGE(INITIAL 65536 NEXT 1048576 MINEXTENTS 1 MAXEXTENTS 2147483645
    PCTINCREASE 0 FREELISTS 1 FREELIST GROUPS 1 BUFFER_POOL DEFAULT FLASH_CACHE DEFAULT CELL_FLASH_CACHE DEFAULT)
    TABLESPACE "USERS" ;

COMMENT ON TABLE "HR"."AGENTS"  IS 'Employees Table of W3DB, Changed to Agent due to conflict';

--------------------------------------------------------
--  DDL for Table CATEGORIES
--------------------------------------------------------

CREATE TABLE "HR"."CATEGORIES"
(	"CATEGORYID" NUMBER(11,0),
     "CATEGORYNAME" VARCHAR2(255 BYTE) DEFAULT NULL,
     "DESCRIPTION" VARCHAR2(255 BYTE) DEFAULT NULL
) SEGMENT CREATION IMMEDIATE
    PCTFREE 10 PCTUSED 40 INITRANS 1 MAXTRANS 255 NOCOMPRESS LOGGING
    STORAGE(INITIAL 65536 NEXT 1048576 MINEXTENTS 1 MAXEXTENTS 2147483645
    PCTINCREASE 0 FREELISTS 1 FREELIST GROUPS 1 BUFFER_POOL DEFAULT FLASH_CACHE DEFAULT CELL_FLASH_CACHE DEFAULT)
    TABLESPACE "USERS" ;

COMMENT ON TABLE "HR"."CATEGORIES"  IS 'CATEGORIES Table of W3DB' ;

--------------------------------------------------------
--  DDL for Table CUSTOMERS
--------------------------------------------------------

CREATE TABLE "HR"."CUSTOMERS"
(	"CUSTOMERID" NUMBER(11,0),
     "CUSTOMERNAME" VARCHAR2(255 BYTE) DEFAULT NULL,
     "CONTACTNAME" VARCHAR2(255 BYTE) DEFAULT NULL,
     "ADDRESS" VARCHAR2(255 BYTE) DEFAULT NULL,
     "CITY" VARCHAR2(255 BYTE) DEFAULT NULL,
     "POSTALCODE" VARCHAR2(255 BYTE) DEFAULT NULL,
     "COUNTRY" VARCHAR2(255 BYTE) DEFAULT NULL
) SEGMENT CREATION IMMEDIATE
    PCTFREE 10 PCTUSED 40 INITRANS 1 MAXTRANS 255 NOCOMPRESS LOGGING
    STORAGE(INITIAL 65536 NEXT 1048576 MINEXTENTS 1 MAXEXTENTS 2147483645
    PCTINCREASE 0 FREELISTS 1 FREELIST GROUPS 1 BUFFER_POOL DEFAULT FLASH_CACHE DEFAULT CELL_FLASH_CACHE DEFAULT)
    TABLESPACE "USERS" ;

COMMENT ON TABLE "HR"."CUSTOMERS"  IS 'CUSTOMERS Table of W3DB' ;
--------------------------------------------------------
--  DDL for Table ORDERDETAILS
--------------------------------------------------------

CREATE TABLE "HR"."ORDERDETAILS"
(	"ORDERDETAILID" NUMBER(11,0),
     "ORDERID" NUMBER(11,0) DEFAULT NULL,
     "PRODUCTID" NUMBER(11,0) DEFAULT NULL,
     "QUANTITY" NUMBER(11,0) DEFAULT NULL
) SEGMENT CREATION IMMEDIATE
    PCTFREE 10 PCTUSED 40 INITRANS 1 MAXTRANS 255 NOCOMPRESS LOGGING
    STORAGE(INITIAL 65536 NEXT 1048576 MINEXTENTS 1 MAXEXTENTS 2147483645
    PCTINCREASE 0 FREELISTS 1 FREELIST GROUPS 1 BUFFER_POOL DEFAULT FLASH_CACHE DEFAULT CELL_FLASH_CACHE DEFAULT)
    TABLESPACE "USERS" ;

COMMENT ON TABLE "HR"."ORDERDETAILS"  IS 'ORDERDETAILS Table of W3DB' ;
--------------------------------------------------------
--  DDL for Table ORDERS
--------------------------------------------------------

CREATE TABLE "HR"."ORDERS"
(	"ORDERID" NUMBER(11,0),
     "CUSTOMERID" NUMBER(11,0) DEFAULT NULL,
     "EMPLOYEEID" NUMBER(11,0) DEFAULT NULL,
     "ORDERDATE" DATE DEFAULT NULL,
     "SHIPPERID" NUMBER(11,0) DEFAULT NULL
) SEGMENT CREATION IMMEDIATE
    PCTFREE 10 PCTUSED 40 INITRANS 1 MAXTRANS 255 NOCOMPRESS LOGGING
    STORAGE(INITIAL 65536 NEXT 1048576 MINEXTENTS 1 MAXEXTENTS 2147483645
    PCTINCREASE 0 FREELISTS 1 FREELIST GROUPS 1 BUFFER_POOL DEFAULT FLASH_CACHE DEFAULT CELL_FLASH_CACHE DEFAULT)
    TABLESPACE "USERS" ;

COMMENT ON TABLE "HR"."ORDERS"  IS 'ORDERS Table of W3DB' ;
--------------------------------------------------------
--  DDL for Table PRODUCTS
--------------------------------------------------------

CREATE TABLE "HR"."PRODUCTS"
(	"PRODUCTID" NUMBER(11,0),
     "PRODUCTNAME" VARCHAR2(255 BYTE) DEFAULT NULL,
     "SUPPLIERID" NUMBER(11,0) DEFAULT NULL,
     "CATEGORYID" NUMBER(11,0) DEFAULT NULL,
     "UNIT" VARCHAR2(255 BYTE) DEFAULT NULL,
     "PRICE" NUMBER(5,2) DEFAULT NULL
) SEGMENT CREATION IMMEDIATE
    PCTFREE 10 PCTUSED 40 INITRANS 1 MAXTRANS 255 NOCOMPRESS LOGGING
    STORAGE(INITIAL 65536 NEXT 1048576 MINEXTENTS 1 MAXEXTENTS 2147483645
    PCTINCREASE 0 FREELISTS 1 FREELIST GROUPS 1 BUFFER_POOL DEFAULT FLASH_CACHE DEFAULT CELL_FLASH_CACHE DEFAULT)
    TABLESPACE "USERS" ;

COMMENT ON TABLE "HR"."PRODUCTS"  IS 'PRODUCTS Table of W3DB' ;

--------------------------------------------------------
--  DDL for Table SHIPPERS
--------------------------------------------------------

CREATE TABLE "HR"."SHIPPERS"
(	"SHIPPERID" NUMBER(11,0),
     "SHIPPERNAME" VARCHAR2(255 BYTE) DEFAULT NULL,
     "PHONE" VARCHAR2(255 BYTE) DEFAULT NULL
) SEGMENT CREATION IMMEDIATE
    PCTFREE 10 PCTUSED 40 INITRANS 1 MAXTRANS 255 NOCOMPRESS LOGGING
    STORAGE(INITIAL 65536 NEXT 1048576 MINEXTENTS 1 MAXEXTENTS 2147483645
    PCTINCREASE 0 FREELISTS 1 FREELIST GROUPS 1 BUFFER_POOL DEFAULT FLASH_CACHE DEFAULT CELL_FLASH_CACHE DEFAULT)
    TABLESPACE "USERS" ;

COMMENT ON TABLE "HR"."SHIPPERS"  IS 'SHIPPERS Table of W3DB' ;
--------------------------------------------------------
--  DDL for Table SUPPLIERS
--------------------------------------------------------

CREATE TABLE "HR"."SUPPLIERS"
(	"SUPPLIERID" NUMBER(11,0),
     "SUPPLIERNAME" VARCHAR2(255 BYTE) DEFAULT NULL,
     "CONTACTNAME" VARCHAR2(255 BYTE) DEFAULT NULL,
     "ADDRESS" VARCHAR2(255 BYTE) DEFAULT NULL,
     "CITY" VARCHAR2(255 BYTE) DEFAULT NULL,
     "POSTALCODE" VARCHAR2(255 BYTE) DEFAULT NULL,
     "COUNTRY" VARCHAR2(255 BYTE) DEFAULT NULL,
     "PHONE" VARCHAR2(255 BYTE) DEFAULT NULL
) SEGMENT CREATION IMMEDIATE
    PCTFREE 10 PCTUSED 40 INITRANS 1 MAXTRANS 255 NOCOMPRESS LOGGING
    STORAGE(INITIAL 65536 NEXT 1048576 MINEXTENTS 1 MAXEXTENTS 2147483645
    PCTINCREASE 0 FREELISTS 1 FREELIST GROUPS 1 BUFFER_POOL DEFAULT FLASH_CACHE DEFAULT CELL_FLASH_CACHE DEFAULT)
    TABLESPACE "USERS" ;

COMMENT ON TABLE "HR"."SUPPLIERS"  IS 'SUPPLIERS Table of W3DB' ;

--INSERTING into HR.AGENTS
--SET DEFINE OFF;
Insert into HR.AGENTS (EMPLOYEEID,LASTNAME,FIRSTNAME,BIRTHDATE,PHOTO,NOTES) values (1,'Davolio','Nancy',to_date('08-DEC-68','DD-MON-RR'),'EmpID1.pic','Education includes a BA in psychology from Colorado State University. She also completed (The Art of the Cold Call). Nancy is a member of ''Toastmasters International''.');
Insert into HR.AGENTS (EMPLOYEEID,LASTNAME,FIRSTNAME,BIRTHDATE,PHOTO,NOTES) values (2,'Fuller','Andrew',to_date('19-FEB-52','DD-MON-RR'),'EmpID2.pic','Andrew received his BTS commercial and a Ph.D. in international marketing from the University of Dallas. He is fluent in French and Italian and reads German. He joined the company as a sales representative, was promoted to sales manager and was then named vice president of sales. Andrew is a member of the Sales Management Roundtable, the Seattle Chamber of Commerce, and the Pacific Rim Importers Association.');
Insert into HR.AGENTS (EMPLOYEEID,LASTNAME,FIRSTNAME,BIRTHDATE,PHOTO,NOTES) values (3,'Leverling','Janet',to_date('30-AUG-63','DD-MON-RR'),'EmpID3.pic','Janet has a BS degree in chemistry from Boston College). She has also completed a certificate program in food retailing management. Janet was hired as a sales associate and was promoted to sales representative.');
Insert into HR.AGENTS (EMPLOYEEID,LASTNAME,FIRSTNAME,BIRTHDATE,PHOTO,NOTES) values (4,'Peacock','Margaret',to_date('19-SEP-58','DD-MON-RR'),'EmpID4.pic','Margaret holds a BA in English literature from Concordia College and an MA from the American Institute of Culinary Arts. She was temporarily assigned to the London office before returning to her permanent post in Seattle.');
Insert into HR.AGENTS (EMPLOYEEID,LASTNAME,FIRSTNAME,BIRTHDATE,PHOTO,NOTES) values (5,'Buchanan','Steven',to_date('04-MAR-55','DD-MON-RR'),'EmpID5.pic','Steven Buchanan graduated from St. Andrews University, Scotland, with a BSC degree. Upon joining the company as a sales representative, he spent 6 months in an orientation program at the Seattle office and then returned to his permanent post in London, where he was promoted to sales manager. Mr. Buchanan has completed the courses ''Successful Telemarketing'' and ''International Sales Management''. He is fluent in French.');
Insert into HR.AGENTS (EMPLOYEEID,LASTNAME,FIRSTNAME,BIRTHDATE,PHOTO,NOTES) values (6,'Suyama','Michael',to_date('02-JUL-63','DD-MON-RR'),'EmpID6.pic','Michael is a graduate of Sussex University (MA, economics) and the University of California at Los Angeles (MBA, marketing). He has also taken the courses ''Multi-Cultural Selling'' and ''Time Management for the Sales Professional''. He is fluent in Japanese and can read and write French, Portuguese, and Spanish.');
Insert into HR.AGENTS (EMPLOYEEID,LASTNAME,FIRSTNAME,BIRTHDATE,PHOTO,NOTES) values (7,'King','Robert',to_date('29-MAY-60','DD-MON-RR'),'EmpID7.pic','Robert King served in the Peace Corps and traveled extensively before completing his degree in English at the University of Michigan and then joining the company. After completing a course entitled ''Selling in Europe'', he was transferred to the London office.');
Insert into HR.AGENTS (EMPLOYEEID,LASTNAME,FIRSTNAME,BIRTHDATE,PHOTO,NOTES) values (8,'Callahan','Laura',to_date('09-JAN-58','DD-MON-RR'),'EmpID8.pic','Laura received a BA in psychology from the University of Washington. She has also completed a course in business French. She reads and writes French.');
Insert into HR.AGENTS (EMPLOYEEID,LASTNAME,FIRSTNAME,BIRTHDATE,PHOTO,NOTES) values (9,'Dodsworth','Anne',to_date('02-JUL-69','DD-MON-RR'),'EmpID9.pic','Anne has a BA degree in English from St. Lawrence College. She is fluent in French and German.');
Insert into HR.AGENTS (EMPLOYEEID,LASTNAME,FIRSTNAME,BIRTHDATE,PHOTO,NOTES) values (10,'West','Adam',to_date('19-SEP-28','DD-MON-RR'),'EmpID10.pic','An old chum.');
--INSERTING into HR.CATEGORIES
--SET DEFINE OFF;
Insert into HR.CATEGORIES (CATEGORYID,CATEGORYNAME,DESCRIPTION) values (1,'Beverages','Soft drinks, coffees, teas, beers, and ales');
Insert into HR.CATEGORIES (CATEGORYID,CATEGORYNAME,DESCRIPTION) values (2,'Condiments','Sweet and savory sauces, relishes, spreads, and seasonings');
Insert into HR.CATEGORIES (CATEGORYID,CATEGORYNAME,DESCRIPTION) values (3,'Confections','Desserts, candies, and sweet breads');
Insert into HR.CATEGORIES (CATEGORYID,CATEGORYNAME,DESCRIPTION) values (4,'Dairy Products','Cheeses');
Insert into HR.CATEGORIES (CATEGORYID,CATEGORYNAME,DESCRIPTION) values (5,'Grains/Cereals','Breads, crackers, pasta, and cereal');
Insert into HR.CATEGORIES (CATEGORYID,CATEGORYNAME,DESCRIPTION) values (6,'Meat/Poultry','Prepared meats');
Insert into HR.CATEGORIES (CATEGORYID,CATEGORYNAME,DESCRIPTION) values (7,'Produce','Dried fruit and bean curd');
Insert into HR.CATEGORIES (CATEGORYID,CATEGORYNAME,DESCRIPTION) values (8,'Seafood','Seaweed and fish');
--INSERTING into HR.CUSTOMERS
-- SET DEFINE OFF;
Insert into HR.CUSTOMERS (CUSTOMERID,CUSTOMERNAME,CONTACTNAME,ADDRESS,CITY,POSTALCODE,COUNTRY) values (1,'Alfreds Futterkiste','Maria Anders','Obere Str. 57','Berlin','12209','Germany');
Insert into HR.CUSTOMERS (CUSTOMERID,CUSTOMERNAME,CONTACTNAME,ADDRESS,CITY,POSTALCODE,COUNTRY) values (2,'Ana Trujillo Emparedados y helados','Ana Trujillo','Avda. de la Constitución 2222','México D.F.','5021','Mexico');
Insert into HR.CUSTOMERS (CUSTOMERID,CUSTOMERNAME,CONTACTNAME,ADDRESS,CITY,POSTALCODE,COUNTRY) values (3,'Antonio Moreno Taquería','Antonio Moreno','Mataderos 2312','México D.F.','5023','Mexico');
Insert into HR.CUSTOMERS (CUSTOMERID,CUSTOMERNAME,CONTACTNAME,ADDRESS,CITY,POSTALCODE,COUNTRY) values (4,'Around the Horn','Thomas Hardy','120 Hanover Sq.','London','WA1 1DP','UK');
Insert into HR.CUSTOMERS (CUSTOMERID,CUSTOMERNAME,CONTACTNAME,ADDRESS,CITY,POSTALCODE,COUNTRY) values (5,'Berglunds snabbköp','Christina Berglund','Berguvsvägen 8','Luleå','S-958 22','Sweden');
Insert into HR.CUSTOMERS (CUSTOMERID,CUSTOMERNAME,CONTACTNAME,ADDRESS,CITY,POSTALCODE,COUNTRY) values (6,'Blauer See Delikatessen','Hanna Moos','Forsterstr. 57','Mannheim','68306','Germany');
Insert into HR.CUSTOMERS (CUSTOMERID,CUSTOMERNAME,CONTACTNAME,ADDRESS,CITY,POSTALCODE,COUNTRY) values (7,'Blondel père et fils','Frédérique Citeaux','24, place Kléber','Strasbourg','67000','France');
Insert into HR.CUSTOMERS (CUSTOMERID,CUSTOMERNAME,CONTACTNAME,ADDRESS,CITY,POSTALCODE,COUNTRY) values (8,'Bólido Comidas preparadas','Martín Sommer','C/ Araquil, 67','Madrid','28023','Spain');
Insert into HR.CUSTOMERS (CUSTOMERID,CUSTOMERNAME,CONTACTNAME,ADDRESS,CITY,POSTALCODE,COUNTRY) values (9,'Bon app''','Laurence Lebihans','12, rue des Bouchers','Marseille','13008','France');
Insert into HR.CUSTOMERS (CUSTOMERID,CUSTOMERNAME,CONTACTNAME,ADDRESS,CITY,POSTALCODE,COUNTRY) values (10,'Bottom-Dollar Marketse','Elizabeth Lincoln','23 Tsawassen Blvd.','Tsawassen','T2F 8M4','Canada');
Insert into HR.CUSTOMERS (CUSTOMERID,CUSTOMERNAME,CONTACTNAME,ADDRESS,CITY,POSTALCODE,COUNTRY) values (11,'B''s Beverages','Victoria Ashworth','Fauntleroy Circus','London','EC2 5NT','UK');
Insert into HR.CUSTOMERS (CUSTOMERID,CUSTOMERNAME,CONTACTNAME,ADDRESS,CITY,POSTALCODE,COUNTRY) values (12,'Cactus Comidas para llevar','Patricio Simpson','Cerrito 333','Buenos Aires','1010','Argentina');
Insert into HR.CUSTOMERS (CUSTOMERID,CUSTOMERNAME,CONTACTNAME,ADDRESS,CITY,POSTALCODE,COUNTRY) values (13,'Centro comercial Moctezuma','Francisco Chang','Sierras de Granada 9993','México D.F.','5022','Mexico');
Insert into HR.CUSTOMERS (CUSTOMERID,CUSTOMERNAME,CONTACTNAME,ADDRESS,CITY,POSTALCODE,COUNTRY) values (14,'Chop-suey Chinese','Yang Wang','Hauptstr. 29','Bern','3012','Switzerland');
Insert into HR.CUSTOMERS (CUSTOMERID,CUSTOMERNAME,CONTACTNAME,ADDRESS,CITY,POSTALCODE,COUNTRY) values (15,'Comércio Mineiro','Pedro Afonso','Av. dos Lusíadas, 23','São Paulo','05432-043','Brazil');
Insert into HR.CUSTOMERS (CUSTOMERID,CUSTOMERNAME,CONTACTNAME,ADDRESS,CITY,POSTALCODE,COUNTRY) values (16,'Consolidated Holdings','Elizabeth Brown','Berkeley Gardens 12 Brewery','London','WX1 6LT','UK');
Insert into HR.CUSTOMERS (CUSTOMERID,CUSTOMERNAME,CONTACTNAME,ADDRESS,CITY,POSTALCODE,COUNTRY) values (17,'Drachenblut Delikatessend','Sven Ottlieb','Walserweg 21','Aachen','52066','Germany');
Insert into HR.CUSTOMERS (CUSTOMERID,CUSTOMERNAME,CONTACTNAME,ADDRESS,CITY,POSTALCODE,COUNTRY) values (18,'Du monde entier','Janine Labrune','67, rue des Cinquante Otages','Nantes','44000','France');
Insert into HR.CUSTOMERS (CUSTOMERID,CUSTOMERNAME,CONTACTNAME,ADDRESS,CITY,POSTALCODE,COUNTRY) values (19,'Eastern Connection','Ann Devon','35 King George','London','WX3 6FW','UK');
Insert into HR.CUSTOMERS (CUSTOMERID,CUSTOMERNAME,CONTACTNAME,ADDRESS,CITY,POSTALCODE,COUNTRY) values (20,'Ernst Handel','Roland Mendel','Kirchgasse 6','Graz','8010','Austria');
Insert into HR.CUSTOMERS (CUSTOMERID,CUSTOMERNAME,CONTACTNAME,ADDRESS,CITY,POSTALCODE,COUNTRY) values (21,'Familia Arquibaldo','Aria Cruz','Rua Orós, 92','São Paulo','05442-030','Brazil');
Insert into HR.CUSTOMERS (CUSTOMERID,CUSTOMERNAME,CONTACTNAME,ADDRESS,CITY,POSTALCODE,COUNTRY) values (22,'FISSA Fabrica Inter. Salchichas S.A.','Diego Roel','C/ Moralzarzal, 86','Madrid','28034','Spain');
Insert into HR.CUSTOMERS (CUSTOMERID,CUSTOMERNAME,CONTACTNAME,ADDRESS,CITY,POSTALCODE,COUNTRY) values (23,'Folies gourmandes','Martine Rancé','184, chaussée de Tournai','Lille','59000','France');
Insert into HR.CUSTOMERS (CUSTOMERID,CUSTOMERNAME,CONTACTNAME,ADDRESS,CITY,POSTALCODE,COUNTRY) values (24,'Folk och fä HB','Maria Larsson','Åkergatan 24','Bräcke','S-844 67','Sweden');
Insert into HR.CUSTOMERS (CUSTOMERID,CUSTOMERNAME,CONTACTNAME,ADDRESS,CITY,POSTALCODE,COUNTRY) values (25,'Frankenversand','Peter Franken','Berliner Platz 43','München','80805','Germany');
Insert into HR.CUSTOMERS (CUSTOMERID,CUSTOMERNAME,CONTACTNAME,ADDRESS,CITY,POSTALCODE,COUNTRY) values (26,'France restauration','Carine Schmitt','54, rue Royale','Nantes','44000','France');
Insert into HR.CUSTOMERS (CUSTOMERID,CUSTOMERNAME,CONTACTNAME,ADDRESS,CITY,POSTALCODE,COUNTRY) values (27,'Franchi S.p.A.','Paolo Accorti','Via Monte Bianco 34','Torino','10100','Italy');
Insert into HR.CUSTOMERS (CUSTOMERID,CUSTOMERNAME,CONTACTNAME,ADDRESS,CITY,POSTALCODE,COUNTRY) values (28,'Furia Bacalhau e Frutos do Mar','Lino Rodriguez','Jardim das rosas n. 32','Lisboa','1675','Portugal');
Insert into HR.CUSTOMERS (CUSTOMERID,CUSTOMERNAME,CONTACTNAME,ADDRESS,CITY,POSTALCODE,COUNTRY) values (29,'Galería del gastrónomo','Eduardo Saavedra','Rambla de Cataluña, 23','Barcelona','8022','Spain');
Insert into HR.CUSTOMERS (CUSTOMERID,CUSTOMERNAME,CONTACTNAME,ADDRESS,CITY,POSTALCODE,COUNTRY) values (30,'Godos Cocina Típica','José Pedro Freyre','C/ Romero, 33','Sevilla','41101','Spain');
Insert into HR.CUSTOMERS (CUSTOMERID,CUSTOMERNAME,CONTACTNAME,ADDRESS,CITY,POSTALCODE,COUNTRY) values (31,'Gourmet Lanchonetes','André Fonseca','Av. Brasil, 442','Campinas','04876-786','Brazil');
Insert into HR.CUSTOMERS (CUSTOMERID,CUSTOMERNAME,CONTACTNAME,ADDRESS,CITY,POSTALCODE,COUNTRY) values (32,'Great Lakes Food Market','Howard Snyder','2732 Baker Blvd.','Eugene','97403','USA');
Insert into HR.CUSTOMERS (CUSTOMERID,CUSTOMERNAME,CONTACTNAME,ADDRESS,CITY,POSTALCODE,COUNTRY) values (33,'GROSELLA-Restaurante','Manuel Pereira','5ª Ave. Los Palos Grandes','Caracas','1081','Venezuela');
Insert into HR.CUSTOMERS (CUSTOMERID,CUSTOMERNAME,CONTACTNAME,ADDRESS,CITY,POSTALCODE,COUNTRY) values (34,'Hanari Carnes','Mario Pontes','Rua do Paço, 67','Rio de Janeiro','05454-876','Brazil');
Insert into HR.CUSTOMERS (CUSTOMERID,CUSTOMERNAME,CONTACTNAME,ADDRESS,CITY,POSTALCODE,COUNTRY) values (35,'HILARIÓN-Abastos','Carlos Hernández','Carrera 22 con Ave. Carlos Soublette #8-35','San Cristóbal','5022','Venezuela');
Insert into HR.CUSTOMERS (CUSTOMERID,CUSTOMERNAME,CONTACTNAME,ADDRESS,CITY,POSTALCODE,COUNTRY) values (36,'Hungry Coyote Import Store','Yoshi Latimer','City Center Plaza 516 Main St.','Elgin','97827','USA');
Insert into HR.CUSTOMERS (CUSTOMERID,CUSTOMERNAME,CONTACTNAME,ADDRESS,CITY,POSTALCODE,COUNTRY) values (37,'Hungry Owl All-Night Grocers','Patricia McKenna','8 Johnstown Road','Cork',null,'Ireland');
Insert into HR.CUSTOMERS (CUSTOMERID,CUSTOMERNAME,CONTACTNAME,ADDRESS,CITY,POSTALCODE,COUNTRY) values (38,'Island Trading','Helen Bennett','Garden House Crowther Way','Cowes','PO31 7PJ','UK');
Insert into HR.CUSTOMERS (CUSTOMERID,CUSTOMERNAME,CONTACTNAME,ADDRESS,CITY,POSTALCODE,COUNTRY) values (39,'Königlich Essen','Philip Cramer','Maubelstr. 90','Brandenburg','14776','Germany');
Insert into HR.CUSTOMERS (CUSTOMERID,CUSTOMERNAME,CONTACTNAME,ADDRESS,CITY,POSTALCODE,COUNTRY) values (40,'La corne d''abondance','Daniel Tonini','67, avenue de l''Europe','Versailles','78000','France');
Insert into HR.CUSTOMERS (CUSTOMERID,CUSTOMERNAME,CONTACTNAME,ADDRESS,CITY,POSTALCODE,COUNTRY) values (41,'La maison d''Asie','Annette Roulet','1 rue Alsace-Lorraine','Toulouse','31000','France');
Insert into HR.CUSTOMERS (CUSTOMERID,CUSTOMERNAME,CONTACTNAME,ADDRESS,CITY,POSTALCODE,COUNTRY) values (42,'Laughing Bacchus Wine Cellars','Yoshi Tannamuri','1900 Oak St.','Vancouver','V3F 2K1','Canada');
Insert into HR.CUSTOMERS (CUSTOMERID,CUSTOMERNAME,CONTACTNAME,ADDRESS,CITY,POSTALCODE,COUNTRY) values (43,'Lazy K Kountry Store','John Steel','12 Orchestra Terrace','Walla Walla','99362','USA');
Insert into HR.CUSTOMERS (CUSTOMERID,CUSTOMERNAME,CONTACTNAME,ADDRESS,CITY,POSTALCODE,COUNTRY) values (44,'Lehmanns Marktstand','Renate Messner','Magazinweg 7','Frankfurt a.M.','60528','Germany');
Insert into HR.CUSTOMERS (CUSTOMERID,CUSTOMERNAME,CONTACTNAME,ADDRESS,CITY,POSTALCODE,COUNTRY) values (45,'Let''s Stop N Shop','Jaime Yorres','87 Polk St. Suite 5','San Francisco','94117','USA');
Insert into HR.CUSTOMERS (CUSTOMERID,CUSTOMERNAME,CONTACTNAME,ADDRESS,CITY,POSTALCODE,COUNTRY) values (46,'LILA-Supermercado','Carlos González','Carrera 52 con Ave. Bolívar #65-98 Llano Largo','Barquisimeto','3508','Venezuela');
Insert into HR.CUSTOMERS (CUSTOMERID,CUSTOMERNAME,CONTACTNAME,ADDRESS,CITY,POSTALCODE,COUNTRY) values (47,'LINO-Delicateses','Felipe Izquierdo','Ave. 5 de Mayo Porlamar','I. de Margarita','4980','Venezuela');
Insert into HR.CUSTOMERS (CUSTOMERID,CUSTOMERNAME,CONTACTNAME,ADDRESS,CITY,POSTALCODE,COUNTRY) values (48,'Lonesome Pine Restaurant','Fran Wilson','89 Chiaroscuro Rd.','Portland','97219','USA');
Insert into HR.CUSTOMERS (CUSTOMERID,CUSTOMERNAME,CONTACTNAME,ADDRESS,CITY,POSTALCODE,COUNTRY) values (49,'Magazzini Alimentari Riuniti','Giovanni Rovelli','Via Ludovico il Moro 22','Bergamo','24100','Italy');
Insert into HR.CUSTOMERS (CUSTOMERID,CUSTOMERNAME,CONTACTNAME,ADDRESS,CITY,POSTALCODE,COUNTRY) values (50,'Maison Dewey','Catherine Dewey','Rue Joseph-Bens 532','Bruxelles','B-1180','Belgium');
Insert into HR.CUSTOMERS (CUSTOMERID,CUSTOMERNAME,CONTACTNAME,ADDRESS,CITY,POSTALCODE,COUNTRY) values (51,'Mère Paillarde','Jean Fresnière','43 rue St. Laurent','Montréal','H1J 1C3','Canada');
Insert into HR.CUSTOMERS (CUSTOMERID,CUSTOMERNAME,CONTACTNAME,ADDRESS,CITY,POSTALCODE,COUNTRY) values (52,'Morgenstern Gesundkost','Alexander Feuer','Heerstr. 22','Leipzig','4179','Germany');
Insert into HR.CUSTOMERS (CUSTOMERID,CUSTOMERNAME,CONTACTNAME,ADDRESS,CITY,POSTALCODE,COUNTRY) values (53,'North/South','Simon Crowther','South House 300 Queensbridge','London','SW7 1RZ','UK');
Insert into HR.CUSTOMERS (CUSTOMERID,CUSTOMERNAME,CONTACTNAME,ADDRESS,CITY,POSTALCODE,COUNTRY) values (54,'Océano Atlántico Ltda.','Yvonne Moncada','Ing. Gustavo Moncada 8585 Piso 20-A','Buenos Aires','1010','Argentina');
Insert into HR.CUSTOMERS (CUSTOMERID,CUSTOMERNAME,CONTACTNAME,ADDRESS,CITY,POSTALCODE,COUNTRY) values (55,'Old World Delicatessen','Rene Phillips','2743 Bering St.','Anchorage','99508','USA');
Insert into HR.CUSTOMERS (CUSTOMERID,CUSTOMERNAME,CONTACTNAME,ADDRESS,CITY,POSTALCODE,COUNTRY) values (56,'Ottilies Käseladen','Henriette Pfalzheim','Mehrheimerstr. 369','Köln','50739','Germany');
Insert into HR.CUSTOMERS (CUSTOMERID,CUSTOMERNAME,CONTACTNAME,ADDRESS,CITY,POSTALCODE,COUNTRY) values (57,'Paris spécialités','Marie Bertrand','265, boulevard Charonne','Paris','75012','France');
Insert into HR.CUSTOMERS (CUSTOMERID,CUSTOMERNAME,CONTACTNAME,ADDRESS,CITY,POSTALCODE,COUNTRY) values (58,'Pericles Comidas clásicas','Guillermo Fernández','Calle Dr. Jorge Cash 321','México D.F.','5033','Mexico');
Insert into HR.CUSTOMERS (CUSTOMERID,CUSTOMERNAME,CONTACTNAME,ADDRESS,CITY,POSTALCODE,COUNTRY) values (59,'Piccolo und mehr','Georg Pipps','Geislweg 14','Salzburg','5020','Austria');
Insert into HR.CUSTOMERS (CUSTOMERID,CUSTOMERNAME,CONTACTNAME,ADDRESS,CITY,POSTALCODE,COUNTRY) values (60,'Princesa Isabel Vinhoss','Isabel de Castro','Estrada da saúde n. 58','Lisboa','1756','Portugal');
Insert into HR.CUSTOMERS (CUSTOMERID,CUSTOMERNAME,CONTACTNAME,ADDRESS,CITY,POSTALCODE,COUNTRY) values (61,'Que Delícia','Bernardo Batista','Rua da Panificadora, 12','Rio de Janeiro','02389-673','Brazil');
Insert into HR.CUSTOMERS (CUSTOMERID,CUSTOMERNAME,CONTACTNAME,ADDRESS,CITY,POSTALCODE,COUNTRY) values (62,'Queen Cozinha','Lúcia Carvalho','Alameda dos Canàrios, 891','São Paulo','05487-020','Brazil');
Insert into HR.CUSTOMERS (CUSTOMERID,CUSTOMERNAME,CONTACTNAME,ADDRESS,CITY,POSTALCODE,COUNTRY) values (63,'QUICK-Stop','Horst Kloss','Taucherstraße 10','Cunewalde','1307','Germany');
Insert into HR.CUSTOMERS (CUSTOMERID,CUSTOMERNAME,CONTACTNAME,ADDRESS,CITY,POSTALCODE,COUNTRY) values (64,'Rancho grande','Sergio Gutiérrez','Av. del Libertador 900','Buenos Aires','1010','Argentina');
Insert into HR.CUSTOMERS (CUSTOMERID,CUSTOMERNAME,CONTACTNAME,ADDRESS,CITY,POSTALCODE,COUNTRY) values (65,'Rattlesnake Canyon Grocery','Paula Wilson','2817 Milton Dr.','Albuquerque','87110','USA');
Insert into HR.CUSTOMERS (CUSTOMERID,CUSTOMERNAME,CONTACTNAME,ADDRESS,CITY,POSTALCODE,COUNTRY) values (66,'Reggiani Caseifici','Maurizio Moroni','Strada Provinciale 124','Reggio Emilia','42100','Italy');
Insert into HR.CUSTOMERS (CUSTOMERID,CUSTOMERNAME,CONTACTNAME,ADDRESS,CITY,POSTALCODE,COUNTRY) values (67,'Ricardo Adocicados','Janete Limeira','Av. Copacabana, 267','Rio de Janeiro','02389-890','Brazil');
Insert into HR.CUSTOMERS (CUSTOMERID,CUSTOMERNAME,CONTACTNAME,ADDRESS,CITY,POSTALCODE,COUNTRY) values (68,'Richter Supermarkt','Michael Holz','Grenzacherweg 237','Genève','1203','Switzerland');
Insert into HR.CUSTOMERS (CUSTOMERID,CUSTOMERNAME,CONTACTNAME,ADDRESS,CITY,POSTALCODE,COUNTRY) values (69,'Romero y tomillo','Alejandra Camino','Gran Vía, 1','Madrid','28001','Spain');
Insert into HR.CUSTOMERS (CUSTOMERID,CUSTOMERNAME,CONTACTNAME,ADDRESS,CITY,POSTALCODE,COUNTRY) values (70,'Santé Gourmet','Jonas Bergulfsen','Erling Skakkes gate 78','Stavern','4110','Norway');
Insert into HR.CUSTOMERS (CUSTOMERID,CUSTOMERNAME,CONTACTNAME,ADDRESS,CITY,POSTALCODE,COUNTRY) values (71,'Save-a-lot Markets','Jose Pavarotti','187 Suffolk Ln.','Boise','83720','USA');
Insert into HR.CUSTOMERS (CUSTOMERID,CUSTOMERNAME,CONTACTNAME,ADDRESS,CITY,POSTALCODE,COUNTRY) values (72,'Seven Seas Imports','Hari Kumar','90 Wadhurst Rd.','London','OX15 4NB','UK');
Insert into HR.CUSTOMERS (CUSTOMERID,CUSTOMERNAME,CONTACTNAME,ADDRESS,CITY,POSTALCODE,COUNTRY) values (73,'Simons bistro','Jytte Petersen','Vinbæltet 34','København','1734','Denmark');
Insert into HR.CUSTOMERS (CUSTOMERID,CUSTOMERNAME,CONTACTNAME,ADDRESS,CITY,POSTALCODE,COUNTRY) values (74,'Spécialités du monde','Dominique Perrier','25, rue Lauriston','Paris','75016','France');
Insert into HR.CUSTOMERS (CUSTOMERID,CUSTOMERNAME,CONTACTNAME,ADDRESS,CITY,POSTALCODE,COUNTRY) values (75,'Split Rail Beer & Ale','Art Braunschweiger','P.O. Box 555','Lander','82520','USA');
Insert into HR.CUSTOMERS (CUSTOMERID,CUSTOMERNAME,CONTACTNAME,ADDRESS,CITY,POSTALCODE,COUNTRY) values (76,'Suprêmes délices','Pascale Cartrain','Boulevard Tirou, 255','Charleroi','B-6000','Belgium');
Insert into HR.CUSTOMERS (CUSTOMERID,CUSTOMERNAME,CONTACTNAME,ADDRESS,CITY,POSTALCODE,COUNTRY) values (77,'The Big Cheese','Liz Nixon','89 Jefferson Way Suite 2','Portland','97201','USA');
Insert into HR.CUSTOMERS (CUSTOMERID,CUSTOMERNAME,CONTACTNAME,ADDRESS,CITY,POSTALCODE,COUNTRY) values (78,'The Cracker Box','Liu Wong','55 Grizzly Peak Rd.','Butte','59801','USA');
Insert into HR.CUSTOMERS (CUSTOMERID,CUSTOMERNAME,CONTACTNAME,ADDRESS,CITY,POSTALCODE,COUNTRY) values (79,'Toms Spezialitäten','Karin Josephs','Luisenstr. 48','Münster','44087','Germany');
Insert into HR.CUSTOMERS (CUSTOMERID,CUSTOMERNAME,CONTACTNAME,ADDRESS,CITY,POSTALCODE,COUNTRY) values (80,'Tortuga Restaurante','Miguel Angel Paolino','Avda. Azteca 123','México D.F.','5033','Mexico');
Insert into HR.CUSTOMERS (CUSTOMERID,CUSTOMERNAME,CONTACTNAME,ADDRESS,CITY,POSTALCODE,COUNTRY) values (81,'Tradição Hipermercados','Anabela Domingues','Av. Inês de Castro, 414','São Paulo','05634-030','Brazil');
Insert into HR.CUSTOMERS (CUSTOMERID,CUSTOMERNAME,CONTACTNAME,ADDRESS,CITY,POSTALCODE,COUNTRY) values (82,'Trail''s Head Gourmet Provisioners','Helvetius Nagy','722 DaVinci Blvd.','Kirkland','98034','USA');
Insert into HR.CUSTOMERS (CUSTOMERID,CUSTOMERNAME,CONTACTNAME,ADDRESS,CITY,POSTALCODE,COUNTRY) values (83,'Vaffeljernet','Palle Ibsen','Smagsløget 45','Århus','8200','Denmark');
Insert into HR.CUSTOMERS (CUSTOMERID,CUSTOMERNAME,CONTACTNAME,ADDRESS,CITY,POSTALCODE,COUNTRY) values (84,'Victuailles en stock','Mary Saveley','2, rue du Commerce','Lyon','69004','France');
Insert into HR.CUSTOMERS (CUSTOMERID,CUSTOMERNAME,CONTACTNAME,ADDRESS,CITY,POSTALCODE,COUNTRY) values (85,'Vins et alcools Chevalier','Paul Henriot','59 rue de l''Abbaye','Reims','51100','France');
Insert into HR.CUSTOMERS (CUSTOMERID,CUSTOMERNAME,CONTACTNAME,ADDRESS,CITY,POSTALCODE,COUNTRY) values (86,'Die Wandernde Kuh','Rita Müller','Adenauerallee 900','Stuttgart','70563','Germany');
Insert into HR.CUSTOMERS (CUSTOMERID,CUSTOMERNAME,CONTACTNAME,ADDRESS,CITY,POSTALCODE,COUNTRY) values (87,'Wartian Herkku','Pirkko Koskitalo','Torikatu 38','Oulu','90110','Finland');
Insert into HR.CUSTOMERS (CUSTOMERID,CUSTOMERNAME,CONTACTNAME,ADDRESS,CITY,POSTALCODE,COUNTRY) values (88,'Wellington Importadora','Paula Parente','Rua do Mercado, 12','Resende','08737-363','Brazil');
Insert into HR.CUSTOMERS (CUSTOMERID,CUSTOMERNAME,CONTACTNAME,ADDRESS,CITY,POSTALCODE,COUNTRY) values (89,'White Clover Markets','Karl Jablonski','305 - 14th Ave. S. Suite 3B','Seattle','98128','USA');
Insert into HR.CUSTOMERS (CUSTOMERID,CUSTOMERNAME,CONTACTNAME,ADDRESS,CITY,POSTALCODE,COUNTRY) values (90,'Wilman Kala','Matti Karttunen','Keskuskatu 45','Helsinki','21240','Finland');
Insert into HR.CUSTOMERS (CUSTOMERID,CUSTOMERNAME,CONTACTNAME,ADDRESS,CITY,POSTALCODE,COUNTRY) values (91,'Wolski','Zbyszek','ul. Filtrowa 68','Walla','01-012','Poland');
--INSERTING into HR.ORDERDETAILS
-- SET DEFINE OFF;
Insert into HR.ORDERDETAILS (ORDERDETAILID,ORDERID,PRODUCTID,QUANTITY) values (1,10248,11,12);
Insert into HR.ORDERDETAILS (ORDERDETAILID,ORDERID,PRODUCTID,QUANTITY) values (2,10248,42,10);
Insert into HR.ORDERDETAILS (ORDERDETAILID,ORDERID,PRODUCTID,QUANTITY) values (3,10248,72,5);
Insert into HR.ORDERDETAILS (ORDERDETAILID,ORDERID,PRODUCTID,QUANTITY) values (4,10249,14,9);
Insert into HR.ORDERDETAILS (ORDERDETAILID,ORDERID,PRODUCTID,QUANTITY) values (5,10249,51,40);
Insert into HR.ORDERDETAILS (ORDERDETAILID,ORDERID,PRODUCTID,QUANTITY) values (6,10250,41,10);
Insert into HR.ORDERDETAILS (ORDERDETAILID,ORDERID,PRODUCTID,QUANTITY) values (7,10250,51,35);
Insert into HR.ORDERDETAILS (ORDERDETAILID,ORDERID,PRODUCTID,QUANTITY) values (8,10250,65,15);
Insert into HR.ORDERDETAILS (ORDERDETAILID,ORDERID,PRODUCTID,QUANTITY) values (9,10251,22,6);
Insert into HR.ORDERDETAILS (ORDERDETAILID,ORDERID,PRODUCTID,QUANTITY) values (10,10251,57,15);
Insert into HR.ORDERDETAILS (ORDERDETAILID,ORDERID,PRODUCTID,QUANTITY) values (11,10251,65,20);
Insert into HR.ORDERDETAILS (ORDERDETAILID,ORDERID,PRODUCTID,QUANTITY) values (12,10252,20,40);
Insert into HR.ORDERDETAILS (ORDERDETAILID,ORDERID,PRODUCTID,QUANTITY) values (13,10252,33,25);
Insert into HR.ORDERDETAILS (ORDERDETAILID,ORDERID,PRODUCTID,QUANTITY) values (14,10252,60,40);
Insert into HR.ORDERDETAILS (ORDERDETAILID,ORDERID,PRODUCTID,QUANTITY) values (15,10253,31,20);
Insert into HR.ORDERDETAILS (ORDERDETAILID,ORDERID,PRODUCTID,QUANTITY) values (16,10253,39,42);
Insert into HR.ORDERDETAILS (ORDERDETAILID,ORDERID,PRODUCTID,QUANTITY) values (17,10253,49,40);
Insert into HR.ORDERDETAILS (ORDERDETAILID,ORDERID,PRODUCTID,QUANTITY) values (18,10254,24,15);
Insert into HR.ORDERDETAILS (ORDERDETAILID,ORDERID,PRODUCTID,QUANTITY) values (19,10254,55,21);
Insert into HR.ORDERDETAILS (ORDERDETAILID,ORDERID,PRODUCTID,QUANTITY) values (20,10254,74,21);
Insert into HR.ORDERDETAILS (ORDERDETAILID,ORDERID,PRODUCTID,QUANTITY) values (21,10255,2,20);
Insert into HR.ORDERDETAILS (ORDERDETAILID,ORDERID,PRODUCTID,QUANTITY) values (22,10255,16,35);
Insert into HR.ORDERDETAILS (ORDERDETAILID,ORDERID,PRODUCTID,QUANTITY) values (23,10255,36,25);
Insert into HR.ORDERDETAILS (ORDERDETAILID,ORDERID,PRODUCTID,QUANTITY) values (24,10255,59,30);
Insert into HR.ORDERDETAILS (ORDERDETAILID,ORDERID,PRODUCTID,QUANTITY) values (25,10256,53,15);
Insert into HR.ORDERDETAILS (ORDERDETAILID,ORDERID,PRODUCTID,QUANTITY) values (26,10256,77,12);
Insert into HR.ORDERDETAILS (ORDERDETAILID,ORDERID,PRODUCTID,QUANTITY) values (27,10257,27,25);
Insert into HR.ORDERDETAILS (ORDERDETAILID,ORDERID,PRODUCTID,QUANTITY) values (28,10257,39,6);
Insert into HR.ORDERDETAILS (ORDERDETAILID,ORDERID,PRODUCTID,QUANTITY) values (29,10257,77,15);
Insert into HR.ORDERDETAILS (ORDERDETAILID,ORDERID,PRODUCTID,QUANTITY) values (30,10258,2,50);
Insert into HR.ORDERDETAILS (ORDERDETAILID,ORDERID,PRODUCTID,QUANTITY) values (31,10258,5,65);
Insert into HR.ORDERDETAILS (ORDERDETAILID,ORDERID,PRODUCTID,QUANTITY) values (32,10258,32,6);
Insert into HR.ORDERDETAILS (ORDERDETAILID,ORDERID,PRODUCTID,QUANTITY) values (33,10259,21,10);
Insert into HR.ORDERDETAILS (ORDERDETAILID,ORDERID,PRODUCTID,QUANTITY) values (34,10259,37,1);
Insert into HR.ORDERDETAILS (ORDERDETAILID,ORDERID,PRODUCTID,QUANTITY) values (35,10260,41,16);
Insert into HR.ORDERDETAILS (ORDERDETAILID,ORDERID,PRODUCTID,QUANTITY) values (36,10260,57,50);
Insert into HR.ORDERDETAILS (ORDERDETAILID,ORDERID,PRODUCTID,QUANTITY) values (37,10260,62,15);
Insert into HR.ORDERDETAILS (ORDERDETAILID,ORDERID,PRODUCTID,QUANTITY) values (38,10260,70,21);
Insert into HR.ORDERDETAILS (ORDERDETAILID,ORDERID,PRODUCTID,QUANTITY) values (39,10261,21,20);
Insert into HR.ORDERDETAILS (ORDERDETAILID,ORDERID,PRODUCTID,QUANTITY) values (40,10261,35,20);
Insert into HR.ORDERDETAILS (ORDERDETAILID,ORDERID,PRODUCTID,QUANTITY) values (41,10262,5,12);
Insert into HR.ORDERDETAILS (ORDERDETAILID,ORDERID,PRODUCTID,QUANTITY) values (42,10262,7,15);
Insert into HR.ORDERDETAILS (ORDERDETAILID,ORDERID,PRODUCTID,QUANTITY) values (43,10262,56,2);
Insert into HR.ORDERDETAILS (ORDERDETAILID,ORDERID,PRODUCTID,QUANTITY) values (44,10263,16,60);
Insert into HR.ORDERDETAILS (ORDERDETAILID,ORDERID,PRODUCTID,QUANTITY) values (45,10263,24,28);
Insert into HR.ORDERDETAILS (ORDERDETAILID,ORDERID,PRODUCTID,QUANTITY) values (46,10263,30,60);
Insert into HR.ORDERDETAILS (ORDERDETAILID,ORDERID,PRODUCTID,QUANTITY) values (47,10263,74,36);
Insert into HR.ORDERDETAILS (ORDERDETAILID,ORDERID,PRODUCTID,QUANTITY) values (48,10264,2,35);
Insert into HR.ORDERDETAILS (ORDERDETAILID,ORDERID,PRODUCTID,QUANTITY) values (49,10264,41,25);
Insert into HR.ORDERDETAILS (ORDERDETAILID,ORDERID,PRODUCTID,QUANTITY) values (50,10265,17,30);
Insert into HR.ORDERDETAILS (ORDERDETAILID,ORDERID,PRODUCTID,QUANTITY) values (51,10265,70,20);
Insert into HR.ORDERDETAILS (ORDERDETAILID,ORDERID,PRODUCTID,QUANTITY) values (52,10266,12,12);
Insert into HR.ORDERDETAILS (ORDERDETAILID,ORDERID,PRODUCTID,QUANTITY) values (53,10267,40,50);
Insert into HR.ORDERDETAILS (ORDERDETAILID,ORDERID,PRODUCTID,QUANTITY) values (54,10267,59,70);
Insert into HR.ORDERDETAILS (ORDERDETAILID,ORDERID,PRODUCTID,QUANTITY) values (55,10267,76,15);
Insert into HR.ORDERDETAILS (ORDERDETAILID,ORDERID,PRODUCTID,QUANTITY) values (56,10268,29,10);
Insert into HR.ORDERDETAILS (ORDERDETAILID,ORDERID,PRODUCTID,QUANTITY) values (57,10268,72,4);
Insert into HR.ORDERDETAILS (ORDERDETAILID,ORDERID,PRODUCTID,QUANTITY) values (58,10269,33,60);
Insert into HR.ORDERDETAILS (ORDERDETAILID,ORDERID,PRODUCTID,QUANTITY) values (59,10269,72,20);
Insert into HR.ORDERDETAILS (ORDERDETAILID,ORDERID,PRODUCTID,QUANTITY) values (60,10270,36,30);
Insert into HR.ORDERDETAILS (ORDERDETAILID,ORDERID,PRODUCTID,QUANTITY) values (61,10270,43,25);
Insert into HR.ORDERDETAILS (ORDERDETAILID,ORDERID,PRODUCTID,QUANTITY) values (62,10271,33,24);
Insert into HR.ORDERDETAILS (ORDERDETAILID,ORDERID,PRODUCTID,QUANTITY) values (63,10272,20,6);
Insert into HR.ORDERDETAILS (ORDERDETAILID,ORDERID,PRODUCTID,QUANTITY) values (64,10272,31,40);
Insert into HR.ORDERDETAILS (ORDERDETAILID,ORDERID,PRODUCTID,QUANTITY) values (65,10272,72,24);
Insert into HR.ORDERDETAILS (ORDERDETAILID,ORDERID,PRODUCTID,QUANTITY) values (66,10273,10,24);
Insert into HR.ORDERDETAILS (ORDERDETAILID,ORDERID,PRODUCTID,QUANTITY) values (67,10273,31,15);
Insert into HR.ORDERDETAILS (ORDERDETAILID,ORDERID,PRODUCTID,QUANTITY) values (68,10273,33,20);
Insert into HR.ORDERDETAILS (ORDERDETAILID,ORDERID,PRODUCTID,QUANTITY) values (69,10273,40,60);
Insert into HR.ORDERDETAILS (ORDERDETAILID,ORDERID,PRODUCTID,QUANTITY) values (70,10273,76,33);
Insert into HR.ORDERDETAILS (ORDERDETAILID,ORDERID,PRODUCTID,QUANTITY) values (71,10274,71,20);
Insert into HR.ORDERDETAILS (ORDERDETAILID,ORDERID,PRODUCTID,QUANTITY) values (72,10274,72,7);
Insert into HR.ORDERDETAILS (ORDERDETAILID,ORDERID,PRODUCTID,QUANTITY) values (73,10275,24,12);
Insert into HR.ORDERDETAILS (ORDERDETAILID,ORDERID,PRODUCTID,QUANTITY) values (74,10275,59,6);
Insert into HR.ORDERDETAILS (ORDERDETAILID,ORDERID,PRODUCTID,QUANTITY) values (75,10276,10,15);
Insert into HR.ORDERDETAILS (ORDERDETAILID,ORDERID,PRODUCTID,QUANTITY) values (76,10276,13,10);
Insert into HR.ORDERDETAILS (ORDERDETAILID,ORDERID,PRODUCTID,QUANTITY) values (77,10277,28,20);
Insert into HR.ORDERDETAILS (ORDERDETAILID,ORDERID,PRODUCTID,QUANTITY) values (78,10277,62,12);
Insert into HR.ORDERDETAILS (ORDERDETAILID,ORDERID,PRODUCTID,QUANTITY) values (79,10278,44,16);
Insert into HR.ORDERDETAILS (ORDERDETAILID,ORDERID,PRODUCTID,QUANTITY) values (80,10278,59,15);
Insert into HR.ORDERDETAILS (ORDERDETAILID,ORDERID,PRODUCTID,QUANTITY) values (81,10278,63,8);
Insert into HR.ORDERDETAILS (ORDERDETAILID,ORDERID,PRODUCTID,QUANTITY) values (82,10278,73,25);
Insert into HR.ORDERDETAILS (ORDERDETAILID,ORDERID,PRODUCTID,QUANTITY) values (83,10279,17,15);
Insert into HR.ORDERDETAILS (ORDERDETAILID,ORDERID,PRODUCTID,QUANTITY) values (84,10280,24,12);
Insert into HR.ORDERDETAILS (ORDERDETAILID,ORDERID,PRODUCTID,QUANTITY) values (85,10280,55,20);
Insert into HR.ORDERDETAILS (ORDERDETAILID,ORDERID,PRODUCTID,QUANTITY) values (86,10280,75,30);
Insert into HR.ORDERDETAILS (ORDERDETAILID,ORDERID,PRODUCTID,QUANTITY) values (87,10281,19,1);
Insert into HR.ORDERDETAILS (ORDERDETAILID,ORDERID,PRODUCTID,QUANTITY) values (88,10281,24,6);
Insert into HR.ORDERDETAILS (ORDERDETAILID,ORDERID,PRODUCTID,QUANTITY) values (89,10281,35,4);
Insert into HR.ORDERDETAILS (ORDERDETAILID,ORDERID,PRODUCTID,QUANTITY) values (90,10282,30,6);
Insert into HR.ORDERDETAILS (ORDERDETAILID,ORDERID,PRODUCTID,QUANTITY) values (91,10282,57,2);
Insert into HR.ORDERDETAILS (ORDERDETAILID,ORDERID,PRODUCTID,QUANTITY) values (92,10283,15,20);
Insert into HR.ORDERDETAILS (ORDERDETAILID,ORDERID,PRODUCTID,QUANTITY) values (93,10283,19,18);
Insert into HR.ORDERDETAILS (ORDERDETAILID,ORDERID,PRODUCTID,QUANTITY) values (94,10283,60,35);
Insert into HR.ORDERDETAILS (ORDERDETAILID,ORDERID,PRODUCTID,QUANTITY) values (95,10283,72,3);
Insert into HR.ORDERDETAILS (ORDERDETAILID,ORDERID,PRODUCTID,QUANTITY) values (96,10284,27,15);
Insert into HR.ORDERDETAILS (ORDERDETAILID,ORDERID,PRODUCTID,QUANTITY) values (97,10284,44,21);
Insert into HR.ORDERDETAILS (ORDERDETAILID,ORDERID,PRODUCTID,QUANTITY) values (98,10284,60,20);
Insert into HR.ORDERDETAILS (ORDERDETAILID,ORDERID,PRODUCTID,QUANTITY) values (99,10284,67,5);
Insert into HR.ORDERDETAILS (ORDERDETAILID,ORDERID,PRODUCTID,QUANTITY) values (100,10285,1,45);
Insert into HR.ORDERDETAILS (ORDERDETAILID,ORDERID,PRODUCTID,QUANTITY) values (101,10285,40,40);
Insert into HR.ORDERDETAILS (ORDERDETAILID,ORDERID,PRODUCTID,QUANTITY) values (102,10285,53,36);
Insert into HR.ORDERDETAILS (ORDERDETAILID,ORDERID,PRODUCTID,QUANTITY) values (103,10286,35,100);
Insert into HR.ORDERDETAILS (ORDERDETAILID,ORDERID,PRODUCTID,QUANTITY) values (104,10286,62,40);
Insert into HR.ORDERDETAILS (ORDERDETAILID,ORDERID,PRODUCTID,QUANTITY) values (105,10287,16,40);
Insert into HR.ORDERDETAILS (ORDERDETAILID,ORDERID,PRODUCTID,QUANTITY) values (106,10287,34,20);
Insert into HR.ORDERDETAILS (ORDERDETAILID,ORDERID,PRODUCTID,QUANTITY) values (107,10287,46,15);
Insert into HR.ORDERDETAILS (ORDERDETAILID,ORDERID,PRODUCTID,QUANTITY) values (108,10288,54,10);
Insert into HR.ORDERDETAILS (ORDERDETAILID,ORDERID,PRODUCTID,QUANTITY) values (109,10288,68,3);
Insert into HR.ORDERDETAILS (ORDERDETAILID,ORDERID,PRODUCTID,QUANTITY) values (110,10289,3,30);
Insert into HR.ORDERDETAILS (ORDERDETAILID,ORDERID,PRODUCTID,QUANTITY) values (111,10289,64,9);
Insert into HR.ORDERDETAILS (ORDERDETAILID,ORDERID,PRODUCTID,QUANTITY) values (112,10290,5,20);
Insert into HR.ORDERDETAILS (ORDERDETAILID,ORDERID,PRODUCTID,QUANTITY) values (113,10290,29,15);
Insert into HR.ORDERDETAILS (ORDERDETAILID,ORDERID,PRODUCTID,QUANTITY) values (114,10290,49,15);
Insert into HR.ORDERDETAILS (ORDERDETAILID,ORDERID,PRODUCTID,QUANTITY) values (115,10290,77,10);
Insert into HR.ORDERDETAILS (ORDERDETAILID,ORDERID,PRODUCTID,QUANTITY) values (116,10291,13,20);
Insert into HR.ORDERDETAILS (ORDERDETAILID,ORDERID,PRODUCTID,QUANTITY) values (117,10291,44,24);
Insert into HR.ORDERDETAILS (ORDERDETAILID,ORDERID,PRODUCTID,QUANTITY) values (118,10291,51,2);
Insert into HR.ORDERDETAILS (ORDERDETAILID,ORDERID,PRODUCTID,QUANTITY) values (119,10292,20,20);
Insert into HR.ORDERDETAILS (ORDERDETAILID,ORDERID,PRODUCTID,QUANTITY) values (120,10293,18,12);
Insert into HR.ORDERDETAILS (ORDERDETAILID,ORDERID,PRODUCTID,QUANTITY) values (121,10293,24,10);
Insert into HR.ORDERDETAILS (ORDERDETAILID,ORDERID,PRODUCTID,QUANTITY) values (122,10293,63,5);
Insert into HR.ORDERDETAILS (ORDERDETAILID,ORDERID,PRODUCTID,QUANTITY) values (123,10293,75,6);
Insert into HR.ORDERDETAILS (ORDERDETAILID,ORDERID,PRODUCTID,QUANTITY) values (124,10294,1,18);
Insert into HR.ORDERDETAILS (ORDERDETAILID,ORDERID,PRODUCTID,QUANTITY) values (125,10294,17,15);
Insert into HR.ORDERDETAILS (ORDERDETAILID,ORDERID,PRODUCTID,QUANTITY) values (126,10294,43,15);
Insert into HR.ORDERDETAILS (ORDERDETAILID,ORDERID,PRODUCTID,QUANTITY) values (127,10294,60,21);
Insert into HR.ORDERDETAILS (ORDERDETAILID,ORDERID,PRODUCTID,QUANTITY) values (128,10294,75,6);
Insert into HR.ORDERDETAILS (ORDERDETAILID,ORDERID,PRODUCTID,QUANTITY) values (129,10295,56,4);
Insert into HR.ORDERDETAILS (ORDERDETAILID,ORDERID,PRODUCTID,QUANTITY) values (130,10296,11,12);
Insert into HR.ORDERDETAILS (ORDERDETAILID,ORDERID,PRODUCTID,QUANTITY) values (131,10296,16,30);
Insert into HR.ORDERDETAILS (ORDERDETAILID,ORDERID,PRODUCTID,QUANTITY) values (132,10296,69,15);
Insert into HR.ORDERDETAILS (ORDERDETAILID,ORDERID,PRODUCTID,QUANTITY) values (133,10297,39,60);
Insert into HR.ORDERDETAILS (ORDERDETAILID,ORDERID,PRODUCTID,QUANTITY) values (134,10297,72,20);
Insert into HR.ORDERDETAILS (ORDERDETAILID,ORDERID,PRODUCTID,QUANTITY) values (135,10298,2,40);
Insert into HR.ORDERDETAILS (ORDERDETAILID,ORDERID,PRODUCTID,QUANTITY) values (136,10298,36,40);
Insert into HR.ORDERDETAILS (ORDERDETAILID,ORDERID,PRODUCTID,QUANTITY) values (137,10298,59,30);
Insert into HR.ORDERDETAILS (ORDERDETAILID,ORDERID,PRODUCTID,QUANTITY) values (138,10298,62,15);
Insert into HR.ORDERDETAILS (ORDERDETAILID,ORDERID,PRODUCTID,QUANTITY) values (139,10299,19,15);
Insert into HR.ORDERDETAILS (ORDERDETAILID,ORDERID,PRODUCTID,QUANTITY) values (140,10299,70,20);
Insert into HR.ORDERDETAILS (ORDERDETAILID,ORDERID,PRODUCTID,QUANTITY) values (141,10300,66,30);
Insert into HR.ORDERDETAILS (ORDERDETAILID,ORDERID,PRODUCTID,QUANTITY) values (142,10300,68,20);
Insert into HR.ORDERDETAILS (ORDERDETAILID,ORDERID,PRODUCTID,QUANTITY) values (143,10301,40,10);
Insert into HR.ORDERDETAILS (ORDERDETAILID,ORDERID,PRODUCTID,QUANTITY) values (144,10301,56,20);
Insert into HR.ORDERDETAILS (ORDERDETAILID,ORDERID,PRODUCTID,QUANTITY) values (145,10302,17,40);
Insert into HR.ORDERDETAILS (ORDERDETAILID,ORDERID,PRODUCTID,QUANTITY) values (146,10302,28,28);
Insert into HR.ORDERDETAILS (ORDERDETAILID,ORDERID,PRODUCTID,QUANTITY) values (147,10302,43,12);
Insert into HR.ORDERDETAILS (ORDERDETAILID,ORDERID,PRODUCTID,QUANTITY) values (148,10303,40,40);
Insert into HR.ORDERDETAILS (ORDERDETAILID,ORDERID,PRODUCTID,QUANTITY) values (149,10303,65,30);
Insert into HR.ORDERDETAILS (ORDERDETAILID,ORDERID,PRODUCTID,QUANTITY) values (150,10303,68,15);
Insert into HR.ORDERDETAILS (ORDERDETAILID,ORDERID,PRODUCTID,QUANTITY) values (151,10304,49,30);
Insert into HR.ORDERDETAILS (ORDERDETAILID,ORDERID,PRODUCTID,QUANTITY) values (152,10304,59,10);
Insert into HR.ORDERDETAILS (ORDERDETAILID,ORDERID,PRODUCTID,QUANTITY) values (153,10304,71,2);
Insert into HR.ORDERDETAILS (ORDERDETAILID,ORDERID,PRODUCTID,QUANTITY) values (154,10305,18,25);
Insert into HR.ORDERDETAILS (ORDERDETAILID,ORDERID,PRODUCTID,QUANTITY) values (155,10305,29,25);
Insert into HR.ORDERDETAILS (ORDERDETAILID,ORDERID,PRODUCTID,QUANTITY) values (156,10305,39,30);
Insert into HR.ORDERDETAILS (ORDERDETAILID,ORDERID,PRODUCTID,QUANTITY) values (157,10306,30,10);
Insert into HR.ORDERDETAILS (ORDERDETAILID,ORDERID,PRODUCTID,QUANTITY) values (158,10306,53,10);
Insert into HR.ORDERDETAILS (ORDERDETAILID,ORDERID,PRODUCTID,QUANTITY) values (159,10306,54,5);
Insert into HR.ORDERDETAILS (ORDERDETAILID,ORDERID,PRODUCTID,QUANTITY) values (160,10307,62,10);
Insert into HR.ORDERDETAILS (ORDERDETAILID,ORDERID,PRODUCTID,QUANTITY) values (161,10307,68,3);
Insert into HR.ORDERDETAILS (ORDERDETAILID,ORDERID,PRODUCTID,QUANTITY) values (162,10308,69,1);
Insert into HR.ORDERDETAILS (ORDERDETAILID,ORDERID,PRODUCTID,QUANTITY) values (163,10308,70,5);
Insert into HR.ORDERDETAILS (ORDERDETAILID,ORDERID,PRODUCTID,QUANTITY) values (164,10309,4,20);
Insert into HR.ORDERDETAILS (ORDERDETAILID,ORDERID,PRODUCTID,QUANTITY) values (165,10309,6,30);
Insert into HR.ORDERDETAILS (ORDERDETAILID,ORDERID,PRODUCTID,QUANTITY) values (166,10309,42,2);
Insert into HR.ORDERDETAILS (ORDERDETAILID,ORDERID,PRODUCTID,QUANTITY) values (167,10309,43,20);
Insert into HR.ORDERDETAILS (ORDERDETAILID,ORDERID,PRODUCTID,QUANTITY) values (168,10309,71,3);
Insert into HR.ORDERDETAILS (ORDERDETAILID,ORDERID,PRODUCTID,QUANTITY) values (169,10310,16,10);
Insert into HR.ORDERDETAILS (ORDERDETAILID,ORDERID,PRODUCTID,QUANTITY) values (170,10310,62,5);
Insert into HR.ORDERDETAILS (ORDERDETAILID,ORDERID,PRODUCTID,QUANTITY) values (171,10311,42,6);
Insert into HR.ORDERDETAILS (ORDERDETAILID,ORDERID,PRODUCTID,QUANTITY) values (172,10311,69,7);
Insert into HR.ORDERDETAILS (ORDERDETAILID,ORDERID,PRODUCTID,QUANTITY) values (173,10312,28,4);
Insert into HR.ORDERDETAILS (ORDERDETAILID,ORDERID,PRODUCTID,QUANTITY) values (174,10312,43,24);
Insert into HR.ORDERDETAILS (ORDERDETAILID,ORDERID,PRODUCTID,QUANTITY) values (175,10312,53,20);
Insert into HR.ORDERDETAILS (ORDERDETAILID,ORDERID,PRODUCTID,QUANTITY) values (176,10312,75,10);
Insert into HR.ORDERDETAILS (ORDERDETAILID,ORDERID,PRODUCTID,QUANTITY) values (177,10313,36,12);
Insert into HR.ORDERDETAILS (ORDERDETAILID,ORDERID,PRODUCTID,QUANTITY) values (178,10314,32,40);
Insert into HR.ORDERDETAILS (ORDERDETAILID,ORDERID,PRODUCTID,QUANTITY) values (179,10314,58,30);
Insert into HR.ORDERDETAILS (ORDERDETAILID,ORDERID,PRODUCTID,QUANTITY) values (180,10314,62,25);
Insert into HR.ORDERDETAILS (ORDERDETAILID,ORDERID,PRODUCTID,QUANTITY) values (181,10315,34,14);
Insert into HR.ORDERDETAILS (ORDERDETAILID,ORDERID,PRODUCTID,QUANTITY) values (182,10315,70,30);
Insert into HR.ORDERDETAILS (ORDERDETAILID,ORDERID,PRODUCTID,QUANTITY) values (183,10316,41,10);
Insert into HR.ORDERDETAILS (ORDERDETAILID,ORDERID,PRODUCTID,QUANTITY) values (184,10316,62,70);
Insert into HR.ORDERDETAILS (ORDERDETAILID,ORDERID,PRODUCTID,QUANTITY) values (185,10317,1,20);
Insert into HR.ORDERDETAILS (ORDERDETAILID,ORDERID,PRODUCTID,QUANTITY) values (186,10318,41,20);
Insert into HR.ORDERDETAILS (ORDERDETAILID,ORDERID,PRODUCTID,QUANTITY) values (187,10318,76,6);
Insert into HR.ORDERDETAILS (ORDERDETAILID,ORDERID,PRODUCTID,QUANTITY) values (188,10319,17,8);
Insert into HR.ORDERDETAILS (ORDERDETAILID,ORDERID,PRODUCTID,QUANTITY) values (189,10319,28,14);
Insert into HR.ORDERDETAILS (ORDERDETAILID,ORDERID,PRODUCTID,QUANTITY) values (190,10319,76,30);
Insert into HR.ORDERDETAILS (ORDERDETAILID,ORDERID,PRODUCTID,QUANTITY) values (191,10320,71,30);
Insert into HR.ORDERDETAILS (ORDERDETAILID,ORDERID,PRODUCTID,QUANTITY) values (192,10321,35,10);
Insert into HR.ORDERDETAILS (ORDERDETAILID,ORDERID,PRODUCTID,QUANTITY) values (193,10322,52,20);
Insert into HR.ORDERDETAILS (ORDERDETAILID,ORDERID,PRODUCTID,QUANTITY) values (194,10323,15,5);
Insert into HR.ORDERDETAILS (ORDERDETAILID,ORDERID,PRODUCTID,QUANTITY) values (195,10323,25,4);
Insert into HR.ORDERDETAILS (ORDERDETAILID,ORDERID,PRODUCTID,QUANTITY) values (196,10323,39,4);
Insert into HR.ORDERDETAILS (ORDERDETAILID,ORDERID,PRODUCTID,QUANTITY) values (197,10324,16,21);
Insert into HR.ORDERDETAILS (ORDERDETAILID,ORDERID,PRODUCTID,QUANTITY) values (198,10324,35,70);
Insert into HR.ORDERDETAILS (ORDERDETAILID,ORDERID,PRODUCTID,QUANTITY) values (199,10324,46,30);
Insert into HR.ORDERDETAILS (ORDERDETAILID,ORDERID,PRODUCTID,QUANTITY) values (200,10324,59,40);
Insert into HR.ORDERDETAILS (ORDERDETAILID,ORDERID,PRODUCTID,QUANTITY) values (201,10324,63,80);
Insert into HR.ORDERDETAILS (ORDERDETAILID,ORDERID,PRODUCTID,QUANTITY) values (202,10325,6,6);
Insert into HR.ORDERDETAILS (ORDERDETAILID,ORDERID,PRODUCTID,QUANTITY) values (203,10325,13,12);
Insert into HR.ORDERDETAILS (ORDERDETAILID,ORDERID,PRODUCTID,QUANTITY) values (204,10325,14,9);
Insert into HR.ORDERDETAILS (ORDERDETAILID,ORDERID,PRODUCTID,QUANTITY) values (205,10325,31,4);
Insert into HR.ORDERDETAILS (ORDERDETAILID,ORDERID,PRODUCTID,QUANTITY) values (206,10325,72,40);
Insert into HR.ORDERDETAILS (ORDERDETAILID,ORDERID,PRODUCTID,QUANTITY) values (207,10326,4,24);
Insert into HR.ORDERDETAILS (ORDERDETAILID,ORDERID,PRODUCTID,QUANTITY) values (208,10326,57,16);
Insert into HR.ORDERDETAILS (ORDERDETAILID,ORDERID,PRODUCTID,QUANTITY) values (209,10326,75,50);
Insert into HR.ORDERDETAILS (ORDERDETAILID,ORDERID,PRODUCTID,QUANTITY) values (210,10327,2,25);
Insert into HR.ORDERDETAILS (ORDERDETAILID,ORDERID,PRODUCTID,QUANTITY) values (211,10327,11,50);
Insert into HR.ORDERDETAILS (ORDERDETAILID,ORDERID,PRODUCTID,QUANTITY) values (212,10327,30,35);
Insert into HR.ORDERDETAILS (ORDERDETAILID,ORDERID,PRODUCTID,QUANTITY) values (213,10327,58,30);
Insert into HR.ORDERDETAILS (ORDERDETAILID,ORDERID,PRODUCTID,QUANTITY) values (214,10328,59,9);
Insert into HR.ORDERDETAILS (ORDERDETAILID,ORDERID,PRODUCTID,QUANTITY) values (215,10328,65,40);
Insert into HR.ORDERDETAILS (ORDERDETAILID,ORDERID,PRODUCTID,QUANTITY) values (216,10328,68,10);
Insert into HR.ORDERDETAILS (ORDERDETAILID,ORDERID,PRODUCTID,QUANTITY) values (217,10329,19,10);
Insert into HR.ORDERDETAILS (ORDERDETAILID,ORDERID,PRODUCTID,QUANTITY) values (218,10329,30,8);
Insert into HR.ORDERDETAILS (ORDERDETAILID,ORDERID,PRODUCTID,QUANTITY) values (219,10329,38,20);
Insert into HR.ORDERDETAILS (ORDERDETAILID,ORDERID,PRODUCTID,QUANTITY) values (220,10329,56,12);
Insert into HR.ORDERDETAILS (ORDERDETAILID,ORDERID,PRODUCTID,QUANTITY) values (221,10330,26,50);
Insert into HR.ORDERDETAILS (ORDERDETAILID,ORDERID,PRODUCTID,QUANTITY) values (222,10330,72,25);
Insert into HR.ORDERDETAILS (ORDERDETAILID,ORDERID,PRODUCTID,QUANTITY) values (223,10331,54,15);
Insert into HR.ORDERDETAILS (ORDERDETAILID,ORDERID,PRODUCTID,QUANTITY) values (224,10332,18,40);
Insert into HR.ORDERDETAILS (ORDERDETAILID,ORDERID,PRODUCTID,QUANTITY) values (225,10332,42,10);
Insert into HR.ORDERDETAILS (ORDERDETAILID,ORDERID,PRODUCTID,QUANTITY) values (226,10332,47,16);
Insert into HR.ORDERDETAILS (ORDERDETAILID,ORDERID,PRODUCTID,QUANTITY) values (227,10333,14,10);
Insert into HR.ORDERDETAILS (ORDERDETAILID,ORDERID,PRODUCTID,QUANTITY) values (228,10333,21,10);
Insert into HR.ORDERDETAILS (ORDERDETAILID,ORDERID,PRODUCTID,QUANTITY) values (229,10333,71,40);
Insert into HR.ORDERDETAILS (ORDERDETAILID,ORDERID,PRODUCTID,QUANTITY) values (230,10334,52,8);
Insert into HR.ORDERDETAILS (ORDERDETAILID,ORDERID,PRODUCTID,QUANTITY) values (231,10334,68,10);
Insert into HR.ORDERDETAILS (ORDERDETAILID,ORDERID,PRODUCTID,QUANTITY) values (232,10335,2,7);
Insert into HR.ORDERDETAILS (ORDERDETAILID,ORDERID,PRODUCTID,QUANTITY) values (233,10335,31,25);
Insert into HR.ORDERDETAILS (ORDERDETAILID,ORDERID,PRODUCTID,QUANTITY) values (234,10335,32,6);
Insert into HR.ORDERDETAILS (ORDERDETAILID,ORDERID,PRODUCTID,QUANTITY) values (235,10335,51,48);
Insert into HR.ORDERDETAILS (ORDERDETAILID,ORDERID,PRODUCTID,QUANTITY) values (236,10336,4,18);
Insert into HR.ORDERDETAILS (ORDERDETAILID,ORDERID,PRODUCTID,QUANTITY) values (237,10337,23,40);
Insert into HR.ORDERDETAILS (ORDERDETAILID,ORDERID,PRODUCTID,QUANTITY) values (238,10337,26,24);
Insert into HR.ORDERDETAILS (ORDERDETAILID,ORDERID,PRODUCTID,QUANTITY) values (239,10337,36,20);
Insert into HR.ORDERDETAILS (ORDERDETAILID,ORDERID,PRODUCTID,QUANTITY) values (240,10337,37,28);
Insert into HR.ORDERDETAILS (ORDERDETAILID,ORDERID,PRODUCTID,QUANTITY) values (241,10337,72,25);
Insert into HR.ORDERDETAILS (ORDERDETAILID,ORDERID,PRODUCTID,QUANTITY) values (242,10338,17,20);
Insert into HR.ORDERDETAILS (ORDERDETAILID,ORDERID,PRODUCTID,QUANTITY) values (243,10338,30,15);
Insert into HR.ORDERDETAILS (ORDERDETAILID,ORDERID,PRODUCTID,QUANTITY) values (244,10339,4,10);
Insert into HR.ORDERDETAILS (ORDERDETAILID,ORDERID,PRODUCTID,QUANTITY) values (245,10339,17,70);
Insert into HR.ORDERDETAILS (ORDERDETAILID,ORDERID,PRODUCTID,QUANTITY) values (246,10339,62,28);
Insert into HR.ORDERDETAILS (ORDERDETAILID,ORDERID,PRODUCTID,QUANTITY) values (247,10340,18,20);
Insert into HR.ORDERDETAILS (ORDERDETAILID,ORDERID,PRODUCTID,QUANTITY) values (248,10340,41,12);
Insert into HR.ORDERDETAILS (ORDERDETAILID,ORDERID,PRODUCTID,QUANTITY) values (249,10340,43,40);
Insert into HR.ORDERDETAILS (ORDERDETAILID,ORDERID,PRODUCTID,QUANTITY) values (250,10341,33,8);
Insert into HR.ORDERDETAILS (ORDERDETAILID,ORDERID,PRODUCTID,QUANTITY) values (251,10341,59,9);
Insert into HR.ORDERDETAILS (ORDERDETAILID,ORDERID,PRODUCTID,QUANTITY) values (252,10342,2,24);
Insert into HR.ORDERDETAILS (ORDERDETAILID,ORDERID,PRODUCTID,QUANTITY) values (253,10342,31,56);
Insert into HR.ORDERDETAILS (ORDERDETAILID,ORDERID,PRODUCTID,QUANTITY) values (254,10342,36,40);
Insert into HR.ORDERDETAILS (ORDERDETAILID,ORDERID,PRODUCTID,QUANTITY) values (255,10342,55,40);
Insert into HR.ORDERDETAILS (ORDERDETAILID,ORDERID,PRODUCTID,QUANTITY) values (256,10343,64,50);
Insert into HR.ORDERDETAILS (ORDERDETAILID,ORDERID,PRODUCTID,QUANTITY) values (257,10343,68,4);
Insert into HR.ORDERDETAILS (ORDERDETAILID,ORDERID,PRODUCTID,QUANTITY) values (258,10343,76,15);
Insert into HR.ORDERDETAILS (ORDERDETAILID,ORDERID,PRODUCTID,QUANTITY) values (259,10344,4,35);
Insert into HR.ORDERDETAILS (ORDERDETAILID,ORDERID,PRODUCTID,QUANTITY) values (260,10344,8,70);
Insert into HR.ORDERDETAILS (ORDERDETAILID,ORDERID,PRODUCTID,QUANTITY) values (261,10345,8,70);
Insert into HR.ORDERDETAILS (ORDERDETAILID,ORDERID,PRODUCTID,QUANTITY) values (262,10345,19,80);
Insert into HR.ORDERDETAILS (ORDERDETAILID,ORDERID,PRODUCTID,QUANTITY) values (263,10345,42,9);
Insert into HR.ORDERDETAILS (ORDERDETAILID,ORDERID,PRODUCTID,QUANTITY) values (264,10346,17,36);
Insert into HR.ORDERDETAILS (ORDERDETAILID,ORDERID,PRODUCTID,QUANTITY) values (265,10346,56,20);
Insert into HR.ORDERDETAILS (ORDERDETAILID,ORDERID,PRODUCTID,QUANTITY) values (266,10347,25,10);
Insert into HR.ORDERDETAILS (ORDERDETAILID,ORDERID,PRODUCTID,QUANTITY) values (267,10347,39,50);
Insert into HR.ORDERDETAILS (ORDERDETAILID,ORDERID,PRODUCTID,QUANTITY) values (268,10347,40,4);
Insert into HR.ORDERDETAILS (ORDERDETAILID,ORDERID,PRODUCTID,QUANTITY) values (269,10347,75,6);
Insert into HR.ORDERDETAILS (ORDERDETAILID,ORDERID,PRODUCTID,QUANTITY) values (270,10348,1,15);
Insert into HR.ORDERDETAILS (ORDERDETAILID,ORDERID,PRODUCTID,QUANTITY) values (271,10348,23,25);
Insert into HR.ORDERDETAILS (ORDERDETAILID,ORDERID,PRODUCTID,QUANTITY) values (272,10349,54,24);
Insert into HR.ORDERDETAILS (ORDERDETAILID,ORDERID,PRODUCTID,QUANTITY) values (273,10350,50,15);
Insert into HR.ORDERDETAILS (ORDERDETAILID,ORDERID,PRODUCTID,QUANTITY) values (274,10350,69,18);
Insert into HR.ORDERDETAILS (ORDERDETAILID,ORDERID,PRODUCTID,QUANTITY) values (275,10351,38,20);
Insert into HR.ORDERDETAILS (ORDERDETAILID,ORDERID,PRODUCTID,QUANTITY) values (276,10351,41,13);
Insert into HR.ORDERDETAILS (ORDERDETAILID,ORDERID,PRODUCTID,QUANTITY) values (277,10351,44,77);
Insert into HR.ORDERDETAILS (ORDERDETAILID,ORDERID,PRODUCTID,QUANTITY) values (278,10351,65,10);
Insert into HR.ORDERDETAILS (ORDERDETAILID,ORDERID,PRODUCTID,QUANTITY) values (279,10352,24,10);
Insert into HR.ORDERDETAILS (ORDERDETAILID,ORDERID,PRODUCTID,QUANTITY) values (280,10352,54,20);
Insert into HR.ORDERDETAILS (ORDERDETAILID,ORDERID,PRODUCTID,QUANTITY) values (281,10353,11,12);
Insert into HR.ORDERDETAILS (ORDERDETAILID,ORDERID,PRODUCTID,QUANTITY) values (282,10353,38,50);
Insert into HR.ORDERDETAILS (ORDERDETAILID,ORDERID,PRODUCTID,QUANTITY) values (283,10354,1,12);
Insert into HR.ORDERDETAILS (ORDERDETAILID,ORDERID,PRODUCTID,QUANTITY) values (284,10354,29,4);
Insert into HR.ORDERDETAILS (ORDERDETAILID,ORDERID,PRODUCTID,QUANTITY) values (285,10355,24,25);
Insert into HR.ORDERDETAILS (ORDERDETAILID,ORDERID,PRODUCTID,QUANTITY) values (286,10355,57,25);
Insert into HR.ORDERDETAILS (ORDERDETAILID,ORDERID,PRODUCTID,QUANTITY) values (287,10356,31,30);
Insert into HR.ORDERDETAILS (ORDERDETAILID,ORDERID,PRODUCTID,QUANTITY) values (288,10356,55,12);
Insert into HR.ORDERDETAILS (ORDERDETAILID,ORDERID,PRODUCTID,QUANTITY) values (289,10356,69,20);
Insert into HR.ORDERDETAILS (ORDERDETAILID,ORDERID,PRODUCTID,QUANTITY) values (290,10357,10,30);
Insert into HR.ORDERDETAILS (ORDERDETAILID,ORDERID,PRODUCTID,QUANTITY) values (291,10357,26,16);
Insert into HR.ORDERDETAILS (ORDERDETAILID,ORDERID,PRODUCTID,QUANTITY) values (292,10357,60,8);
Insert into HR.ORDERDETAILS (ORDERDETAILID,ORDERID,PRODUCTID,QUANTITY) values (293,10358,24,10);
Insert into HR.ORDERDETAILS (ORDERDETAILID,ORDERID,PRODUCTID,QUANTITY) values (294,10358,34,10);
Insert into HR.ORDERDETAILS (ORDERDETAILID,ORDERID,PRODUCTID,QUANTITY) values (295,10358,36,20);
Insert into HR.ORDERDETAILS (ORDERDETAILID,ORDERID,PRODUCTID,QUANTITY) values (296,10359,16,56);
Insert into HR.ORDERDETAILS (ORDERDETAILID,ORDERID,PRODUCTID,QUANTITY) values (297,10359,31,70);
Insert into HR.ORDERDETAILS (ORDERDETAILID,ORDERID,PRODUCTID,QUANTITY) values (298,10359,60,80);
Insert into HR.ORDERDETAILS (ORDERDETAILID,ORDERID,PRODUCTID,QUANTITY) values (299,10360,28,30);
Insert into HR.ORDERDETAILS (ORDERDETAILID,ORDERID,PRODUCTID,QUANTITY) values (300,10360,29,35);
Insert into HR.ORDERDETAILS (ORDERDETAILID,ORDERID,PRODUCTID,QUANTITY) values (301,10360,38,10);
Insert into HR.ORDERDETAILS (ORDERDETAILID,ORDERID,PRODUCTID,QUANTITY) values (302,10360,49,35);
Insert into HR.ORDERDETAILS (ORDERDETAILID,ORDERID,PRODUCTID,QUANTITY) values (303,10360,54,28);
Insert into HR.ORDERDETAILS (ORDERDETAILID,ORDERID,PRODUCTID,QUANTITY) values (304,10361,39,54);
Insert into HR.ORDERDETAILS (ORDERDETAILID,ORDERID,PRODUCTID,QUANTITY) values (305,10361,60,55);
Insert into HR.ORDERDETAILS (ORDERDETAILID,ORDERID,PRODUCTID,QUANTITY) values (306,10362,25,50);
Insert into HR.ORDERDETAILS (ORDERDETAILID,ORDERID,PRODUCTID,QUANTITY) values (307,10362,51,20);
Insert into HR.ORDERDETAILS (ORDERDETAILID,ORDERID,PRODUCTID,QUANTITY) values (308,10362,54,24);
Insert into HR.ORDERDETAILS (ORDERDETAILID,ORDERID,PRODUCTID,QUANTITY) values (309,10363,31,20);
Insert into HR.ORDERDETAILS (ORDERDETAILID,ORDERID,PRODUCTID,QUANTITY) values (310,10363,75,12);
Insert into HR.ORDERDETAILS (ORDERDETAILID,ORDERID,PRODUCTID,QUANTITY) values (311,10363,76,12);
Insert into HR.ORDERDETAILS (ORDERDETAILID,ORDERID,PRODUCTID,QUANTITY) values (312,10364,69,30);
Insert into HR.ORDERDETAILS (ORDERDETAILID,ORDERID,PRODUCTID,QUANTITY) values (313,10364,71,5);
Insert into HR.ORDERDETAILS (ORDERDETAILID,ORDERID,PRODUCTID,QUANTITY) values (314,10365,11,24);
Insert into HR.ORDERDETAILS (ORDERDETAILID,ORDERID,PRODUCTID,QUANTITY) values (315,10366,65,5);
Insert into HR.ORDERDETAILS (ORDERDETAILID,ORDERID,PRODUCTID,QUANTITY) values (316,10366,77,5);
Insert into HR.ORDERDETAILS (ORDERDETAILID,ORDERID,PRODUCTID,QUANTITY) values (317,10367,34,36);
Insert into HR.ORDERDETAILS (ORDERDETAILID,ORDERID,PRODUCTID,QUANTITY) values (318,10367,54,18);
Insert into HR.ORDERDETAILS (ORDERDETAILID,ORDERID,PRODUCTID,QUANTITY) values (319,10367,65,15);
Insert into HR.ORDERDETAILS (ORDERDETAILID,ORDERID,PRODUCTID,QUANTITY) values (320,10367,77,7);
Insert into HR.ORDERDETAILS (ORDERDETAILID,ORDERID,PRODUCTID,QUANTITY) values (321,10368,21,5);
Insert into HR.ORDERDETAILS (ORDERDETAILID,ORDERID,PRODUCTID,QUANTITY) values (322,10368,28,13);
Insert into HR.ORDERDETAILS (ORDERDETAILID,ORDERID,PRODUCTID,QUANTITY) values (323,10368,57,25);
Insert into HR.ORDERDETAILS (ORDERDETAILID,ORDERID,PRODUCTID,QUANTITY) values (324,10368,64,35);
Insert into HR.ORDERDETAILS (ORDERDETAILID,ORDERID,PRODUCTID,QUANTITY) values (325,10369,29,20);
Insert into HR.ORDERDETAILS (ORDERDETAILID,ORDERID,PRODUCTID,QUANTITY) values (326,10369,56,18);
Insert into HR.ORDERDETAILS (ORDERDETAILID,ORDERID,PRODUCTID,QUANTITY) values (327,10370,1,15);
Insert into HR.ORDERDETAILS (ORDERDETAILID,ORDERID,PRODUCTID,QUANTITY) values (328,10370,64,30);
Insert into HR.ORDERDETAILS (ORDERDETAILID,ORDERID,PRODUCTID,QUANTITY) values (329,10370,74,20);
Insert into HR.ORDERDETAILS (ORDERDETAILID,ORDERID,PRODUCTID,QUANTITY) values (330,10371,36,6);
Insert into HR.ORDERDETAILS (ORDERDETAILID,ORDERID,PRODUCTID,QUANTITY) values (331,10372,20,12);
Insert into HR.ORDERDETAILS (ORDERDETAILID,ORDERID,PRODUCTID,QUANTITY) values (332,10372,38,40);
Insert into HR.ORDERDETAILS (ORDERDETAILID,ORDERID,PRODUCTID,QUANTITY) values (333,10372,60,70);
Insert into HR.ORDERDETAILS (ORDERDETAILID,ORDERID,PRODUCTID,QUANTITY) values (334,10372,72,42);
Insert into HR.ORDERDETAILS (ORDERDETAILID,ORDERID,PRODUCTID,QUANTITY) values (335,10373,58,80);
Insert into HR.ORDERDETAILS (ORDERDETAILID,ORDERID,PRODUCTID,QUANTITY) values (336,10373,71,50);
Insert into HR.ORDERDETAILS (ORDERDETAILID,ORDERID,PRODUCTID,QUANTITY) values (337,10374,31,30);
Insert into HR.ORDERDETAILS (ORDERDETAILID,ORDERID,PRODUCTID,QUANTITY) values (338,10374,58,15);
Insert into HR.ORDERDETAILS (ORDERDETAILID,ORDERID,PRODUCTID,QUANTITY) values (339,10375,14,15);
Insert into HR.ORDERDETAILS (ORDERDETAILID,ORDERID,PRODUCTID,QUANTITY) values (340,10375,54,10);
Insert into HR.ORDERDETAILS (ORDERDETAILID,ORDERID,PRODUCTID,QUANTITY) values (341,10376,31,42);
Insert into HR.ORDERDETAILS (ORDERDETAILID,ORDERID,PRODUCTID,QUANTITY) values (342,10377,28,20);
Insert into HR.ORDERDETAILS (ORDERDETAILID,ORDERID,PRODUCTID,QUANTITY) values (343,10377,39,20);
Insert into HR.ORDERDETAILS (ORDERDETAILID,ORDERID,PRODUCTID,QUANTITY) values (344,10378,71,6);
Insert into HR.ORDERDETAILS (ORDERDETAILID,ORDERID,PRODUCTID,QUANTITY) values (345,10379,41,8);
Insert into HR.ORDERDETAILS (ORDERDETAILID,ORDERID,PRODUCTID,QUANTITY) values (346,10379,63,16);
Insert into HR.ORDERDETAILS (ORDERDETAILID,ORDERID,PRODUCTID,QUANTITY) values (347,10379,65,20);
Insert into HR.ORDERDETAILS (ORDERDETAILID,ORDERID,PRODUCTID,QUANTITY) values (348,10380,30,18);
Insert into HR.ORDERDETAILS (ORDERDETAILID,ORDERID,PRODUCTID,QUANTITY) values (349,10380,53,20);
Insert into HR.ORDERDETAILS (ORDERDETAILID,ORDERID,PRODUCTID,QUANTITY) values (350,10380,60,6);
Insert into HR.ORDERDETAILS (ORDERDETAILID,ORDERID,PRODUCTID,QUANTITY) values (351,10380,70,30);
Insert into HR.ORDERDETAILS (ORDERDETAILID,ORDERID,PRODUCTID,QUANTITY) values (352,10381,74,14);
Insert into HR.ORDERDETAILS (ORDERDETAILID,ORDERID,PRODUCTID,QUANTITY) values (353,10382,5,32);
Insert into HR.ORDERDETAILS (ORDERDETAILID,ORDERID,PRODUCTID,QUANTITY) values (354,10382,18,9);
Insert into HR.ORDERDETAILS (ORDERDETAILID,ORDERID,PRODUCTID,QUANTITY) values (355,10382,29,14);
Insert into HR.ORDERDETAILS (ORDERDETAILID,ORDERID,PRODUCTID,QUANTITY) values (356,10382,33,60);
Insert into HR.ORDERDETAILS (ORDERDETAILID,ORDERID,PRODUCTID,QUANTITY) values (357,10382,74,50);
Insert into HR.ORDERDETAILS (ORDERDETAILID,ORDERID,PRODUCTID,QUANTITY) values (358,10383,13,20);
Insert into HR.ORDERDETAILS (ORDERDETAILID,ORDERID,PRODUCTID,QUANTITY) values (359,10383,50,15);
Insert into HR.ORDERDETAILS (ORDERDETAILID,ORDERID,PRODUCTID,QUANTITY) values (360,10383,56,20);
Insert into HR.ORDERDETAILS (ORDERDETAILID,ORDERID,PRODUCTID,QUANTITY) values (361,10384,20,28);
Insert into HR.ORDERDETAILS (ORDERDETAILID,ORDERID,PRODUCTID,QUANTITY) values (362,10384,60,15);
Insert into HR.ORDERDETAILS (ORDERDETAILID,ORDERID,PRODUCTID,QUANTITY) values (363,10385,7,10);
Insert into HR.ORDERDETAILS (ORDERDETAILID,ORDERID,PRODUCTID,QUANTITY) values (364,10385,60,20);
Insert into HR.ORDERDETAILS (ORDERDETAILID,ORDERID,PRODUCTID,QUANTITY) values (365,10385,68,8);
Insert into HR.ORDERDETAILS (ORDERDETAILID,ORDERID,PRODUCTID,QUANTITY) values (366,10386,24,15);
Insert into HR.ORDERDETAILS (ORDERDETAILID,ORDERID,PRODUCTID,QUANTITY) values (367,10386,34,10);
Insert into HR.ORDERDETAILS (ORDERDETAILID,ORDERID,PRODUCTID,QUANTITY) values (368,10387,24,15);
Insert into HR.ORDERDETAILS (ORDERDETAILID,ORDERID,PRODUCTID,QUANTITY) values (369,10387,28,6);
Insert into HR.ORDERDETAILS (ORDERDETAILID,ORDERID,PRODUCTID,QUANTITY) values (370,10387,59,12);
Insert into HR.ORDERDETAILS (ORDERDETAILID,ORDERID,PRODUCTID,QUANTITY) values (371,10387,71,15);
Insert into HR.ORDERDETAILS (ORDERDETAILID,ORDERID,PRODUCTID,QUANTITY) values (372,10388,45,15);
Insert into HR.ORDERDETAILS (ORDERDETAILID,ORDERID,PRODUCTID,QUANTITY) values (373,10388,52,20);
Insert into HR.ORDERDETAILS (ORDERDETAILID,ORDERID,PRODUCTID,QUANTITY) values (374,10388,53,40);
Insert into HR.ORDERDETAILS (ORDERDETAILID,ORDERID,PRODUCTID,QUANTITY) values (375,10389,10,16);
Insert into HR.ORDERDETAILS (ORDERDETAILID,ORDERID,PRODUCTID,QUANTITY) values (376,10389,55,15);
Insert into HR.ORDERDETAILS (ORDERDETAILID,ORDERID,PRODUCTID,QUANTITY) values (377,10389,62,20);
Insert into HR.ORDERDETAILS (ORDERDETAILID,ORDERID,PRODUCTID,QUANTITY) values (378,10389,70,30);
Insert into HR.ORDERDETAILS (ORDERDETAILID,ORDERID,PRODUCTID,QUANTITY) values (379,10390,31,60);
Insert into HR.ORDERDETAILS (ORDERDETAILID,ORDERID,PRODUCTID,QUANTITY) values (380,10390,35,40);
Insert into HR.ORDERDETAILS (ORDERDETAILID,ORDERID,PRODUCTID,QUANTITY) values (381,10390,46,45);
Insert into HR.ORDERDETAILS (ORDERDETAILID,ORDERID,PRODUCTID,QUANTITY) values (382,10390,72,24);
Insert into HR.ORDERDETAILS (ORDERDETAILID,ORDERID,PRODUCTID,QUANTITY) values (383,10391,13,18);
Insert into HR.ORDERDETAILS (ORDERDETAILID,ORDERID,PRODUCTID,QUANTITY) values (384,10392,69,50);
Insert into HR.ORDERDETAILS (ORDERDETAILID,ORDERID,PRODUCTID,QUANTITY) values (385,10393,2,25);
Insert into HR.ORDERDETAILS (ORDERDETAILID,ORDERID,PRODUCTID,QUANTITY) values (386,10393,14,42);
Insert into HR.ORDERDETAILS (ORDERDETAILID,ORDERID,PRODUCTID,QUANTITY) values (387,10393,25,7);
Insert into HR.ORDERDETAILS (ORDERDETAILID,ORDERID,PRODUCTID,QUANTITY) values (388,10393,26,70);
Insert into HR.ORDERDETAILS (ORDERDETAILID,ORDERID,PRODUCTID,QUANTITY) values (389,10393,31,32);
Insert into HR.ORDERDETAILS (ORDERDETAILID,ORDERID,PRODUCTID,QUANTITY) values (390,10394,13,10);
Insert into HR.ORDERDETAILS (ORDERDETAILID,ORDERID,PRODUCTID,QUANTITY) values (391,10394,62,10);
Insert into HR.ORDERDETAILS (ORDERDETAILID,ORDERID,PRODUCTID,QUANTITY) values (392,10395,46,28);
Insert into HR.ORDERDETAILS (ORDERDETAILID,ORDERID,PRODUCTID,QUANTITY) values (393,10395,53,70);
Insert into HR.ORDERDETAILS (ORDERDETAILID,ORDERID,PRODUCTID,QUANTITY) values (394,10395,69,8);
Insert into HR.ORDERDETAILS (ORDERDETAILID,ORDERID,PRODUCTID,QUANTITY) values (395,10396,23,40);
Insert into HR.ORDERDETAILS (ORDERDETAILID,ORDERID,PRODUCTID,QUANTITY) values (396,10396,71,60);
Insert into HR.ORDERDETAILS (ORDERDETAILID,ORDERID,PRODUCTID,QUANTITY) values (397,10396,72,21);
Insert into HR.ORDERDETAILS (ORDERDETAILID,ORDERID,PRODUCTID,QUANTITY) values (398,10397,21,10);
Insert into HR.ORDERDETAILS (ORDERDETAILID,ORDERID,PRODUCTID,QUANTITY) values (399,10397,51,18);
Insert into HR.ORDERDETAILS (ORDERDETAILID,ORDERID,PRODUCTID,QUANTITY) values (400,10398,35,30);
Insert into HR.ORDERDETAILS (ORDERDETAILID,ORDERID,PRODUCTID,QUANTITY) values (401,10398,55,120);
Insert into HR.ORDERDETAILS (ORDERDETAILID,ORDERID,PRODUCTID,QUANTITY) values (402,10399,68,60);
Insert into HR.ORDERDETAILS (ORDERDETAILID,ORDERID,PRODUCTID,QUANTITY) values (403,10399,71,30);
Insert into HR.ORDERDETAILS (ORDERDETAILID,ORDERID,PRODUCTID,QUANTITY) values (404,10399,76,35);
Insert into HR.ORDERDETAILS (ORDERDETAILID,ORDERID,PRODUCTID,QUANTITY) values (405,10399,77,14);
Insert into HR.ORDERDETAILS (ORDERDETAILID,ORDERID,PRODUCTID,QUANTITY) values (406,10400,29,21);
Insert into HR.ORDERDETAILS (ORDERDETAILID,ORDERID,PRODUCTID,QUANTITY) values (407,10400,35,35);
Insert into HR.ORDERDETAILS (ORDERDETAILID,ORDERID,PRODUCTID,QUANTITY) values (408,10400,49,30);
Insert into HR.ORDERDETAILS (ORDERDETAILID,ORDERID,PRODUCTID,QUANTITY) values (409,10401,30,18);
Insert into HR.ORDERDETAILS (ORDERDETAILID,ORDERID,PRODUCTID,QUANTITY) values (410,10401,56,70);
Insert into HR.ORDERDETAILS (ORDERDETAILID,ORDERID,PRODUCTID,QUANTITY) values (411,10401,65,20);
Insert into HR.ORDERDETAILS (ORDERDETAILID,ORDERID,PRODUCTID,QUANTITY) values (412,10401,71,60);
Insert into HR.ORDERDETAILS (ORDERDETAILID,ORDERID,PRODUCTID,QUANTITY) values (413,10402,23,60);
Insert into HR.ORDERDETAILS (ORDERDETAILID,ORDERID,PRODUCTID,QUANTITY) values (414,10402,63,65);
Insert into HR.ORDERDETAILS (ORDERDETAILID,ORDERID,PRODUCTID,QUANTITY) values (415,10403,16,21);
Insert into HR.ORDERDETAILS (ORDERDETAILID,ORDERID,PRODUCTID,QUANTITY) values (416,10403,48,70);
Insert into HR.ORDERDETAILS (ORDERDETAILID,ORDERID,PRODUCTID,QUANTITY) values (417,10404,26,30);
Insert into HR.ORDERDETAILS (ORDERDETAILID,ORDERID,PRODUCTID,QUANTITY) values (418,10404,42,40);
Insert into HR.ORDERDETAILS (ORDERDETAILID,ORDERID,PRODUCTID,QUANTITY) values (419,10404,49,30);
Insert into HR.ORDERDETAILS (ORDERDETAILID,ORDERID,PRODUCTID,QUANTITY) values (420,10405,3,50);
Insert into HR.ORDERDETAILS (ORDERDETAILID,ORDERID,PRODUCTID,QUANTITY) values (421,10406,1,10);
Insert into HR.ORDERDETAILS (ORDERDETAILID,ORDERID,PRODUCTID,QUANTITY) values (422,10406,21,30);
Insert into HR.ORDERDETAILS (ORDERDETAILID,ORDERID,PRODUCTID,QUANTITY) values (423,10406,28,42);
Insert into HR.ORDERDETAILS (ORDERDETAILID,ORDERID,PRODUCTID,QUANTITY) values (424,10406,36,5);
Insert into HR.ORDERDETAILS (ORDERDETAILID,ORDERID,PRODUCTID,QUANTITY) values (425,10406,40,2);
Insert into HR.ORDERDETAILS (ORDERDETAILID,ORDERID,PRODUCTID,QUANTITY) values (426,10407,11,30);
Insert into HR.ORDERDETAILS (ORDERDETAILID,ORDERID,PRODUCTID,QUANTITY) values (427,10407,69,15);
Insert into HR.ORDERDETAILS (ORDERDETAILID,ORDERID,PRODUCTID,QUANTITY) values (428,10407,71,15);
Insert into HR.ORDERDETAILS (ORDERDETAILID,ORDERID,PRODUCTID,QUANTITY) values (429,10408,37,10);
Insert into HR.ORDERDETAILS (ORDERDETAILID,ORDERID,PRODUCTID,QUANTITY) values (430,10408,54,6);
Insert into HR.ORDERDETAILS (ORDERDETAILID,ORDERID,PRODUCTID,QUANTITY) values (431,10408,62,35);
Insert into HR.ORDERDETAILS (ORDERDETAILID,ORDERID,PRODUCTID,QUANTITY) values (432,10409,14,12);
Insert into HR.ORDERDETAILS (ORDERDETAILID,ORDERID,PRODUCTID,QUANTITY) values (433,10409,21,12);
Insert into HR.ORDERDETAILS (ORDERDETAILID,ORDERID,PRODUCTID,QUANTITY) values (434,10410,33,49);
Insert into HR.ORDERDETAILS (ORDERDETAILID,ORDERID,PRODUCTID,QUANTITY) values (435,10410,59,16);
Insert into HR.ORDERDETAILS (ORDERDETAILID,ORDERID,PRODUCTID,QUANTITY) values (436,10411,41,25);
Insert into HR.ORDERDETAILS (ORDERDETAILID,ORDERID,PRODUCTID,QUANTITY) values (437,10411,44,40);
Insert into HR.ORDERDETAILS (ORDERDETAILID,ORDERID,PRODUCTID,QUANTITY) values (438,10411,59,9);
Insert into HR.ORDERDETAILS (ORDERDETAILID,ORDERID,PRODUCTID,QUANTITY) values (439,10412,14,20);
Insert into HR.ORDERDETAILS (ORDERDETAILID,ORDERID,PRODUCTID,QUANTITY) values (440,10413,1,24);
Insert into HR.ORDERDETAILS (ORDERDETAILID,ORDERID,PRODUCTID,QUANTITY) values (441,10413,62,40);
Insert into HR.ORDERDETAILS (ORDERDETAILID,ORDERID,PRODUCTID,QUANTITY) values (442,10413,76,14);
Insert into HR.ORDERDETAILS (ORDERDETAILID,ORDERID,PRODUCTID,QUANTITY) values (443,10414,19,18);
Insert into HR.ORDERDETAILS (ORDERDETAILID,ORDERID,PRODUCTID,QUANTITY) values (444,10414,33,50);
Insert into HR.ORDERDETAILS (ORDERDETAILID,ORDERID,PRODUCTID,QUANTITY) values (445,10415,17,2);
Insert into HR.ORDERDETAILS (ORDERDETAILID,ORDERID,PRODUCTID,QUANTITY) values (446,10415,33,20);
Insert into HR.ORDERDETAILS (ORDERDETAILID,ORDERID,PRODUCTID,QUANTITY) values (447,10416,19,20);
Insert into HR.ORDERDETAILS (ORDERDETAILID,ORDERID,PRODUCTID,QUANTITY) values (448,10416,53,10);
Insert into HR.ORDERDETAILS (ORDERDETAILID,ORDERID,PRODUCTID,QUANTITY) values (449,10416,57,20);
Insert into HR.ORDERDETAILS (ORDERDETAILID,ORDERID,PRODUCTID,QUANTITY) values (450,10417,38,50);
Insert into HR.ORDERDETAILS (ORDERDETAILID,ORDERID,PRODUCTID,QUANTITY) values (451,10417,46,2);
Insert into HR.ORDERDETAILS (ORDERDETAILID,ORDERID,PRODUCTID,QUANTITY) values (452,10417,68,36);
Insert into HR.ORDERDETAILS (ORDERDETAILID,ORDERID,PRODUCTID,QUANTITY) values (453,10417,77,35);
Insert into HR.ORDERDETAILS (ORDERDETAILID,ORDERID,PRODUCTID,QUANTITY) values (454,10418,2,60);
Insert into HR.ORDERDETAILS (ORDERDETAILID,ORDERID,PRODUCTID,QUANTITY) values (455,10418,47,55);
Insert into HR.ORDERDETAILS (ORDERDETAILID,ORDERID,PRODUCTID,QUANTITY) values (456,10418,61,16);
Insert into HR.ORDERDETAILS (ORDERDETAILID,ORDERID,PRODUCTID,QUANTITY) values (457,10418,74,15);
Insert into HR.ORDERDETAILS (ORDERDETAILID,ORDERID,PRODUCTID,QUANTITY) values (458,10419,60,60);
Insert into HR.ORDERDETAILS (ORDERDETAILID,ORDERID,PRODUCTID,QUANTITY) values (459,10419,69,20);
Insert into HR.ORDERDETAILS (ORDERDETAILID,ORDERID,PRODUCTID,QUANTITY) values (460,10420,9,20);
Insert into HR.ORDERDETAILS (ORDERDETAILID,ORDERID,PRODUCTID,QUANTITY) values (461,10420,13,2);
Insert into HR.ORDERDETAILS (ORDERDETAILID,ORDERID,PRODUCTID,QUANTITY) values (462,10420,70,8);
Insert into HR.ORDERDETAILS (ORDERDETAILID,ORDERID,PRODUCTID,QUANTITY) values (463,10420,73,20);
Insert into HR.ORDERDETAILS (ORDERDETAILID,ORDERID,PRODUCTID,QUANTITY) values (464,10421,19,4);
Insert into HR.ORDERDETAILS (ORDERDETAILID,ORDERID,PRODUCTID,QUANTITY) values (465,10421,26,30);
Insert into HR.ORDERDETAILS (ORDERDETAILID,ORDERID,PRODUCTID,QUANTITY) values (466,10421,53,15);
Insert into HR.ORDERDETAILS (ORDERDETAILID,ORDERID,PRODUCTID,QUANTITY) values (467,10421,77,10);
Insert into HR.ORDERDETAILS (ORDERDETAILID,ORDERID,PRODUCTID,QUANTITY) values (468,10422,26,2);
Insert into HR.ORDERDETAILS (ORDERDETAILID,ORDERID,PRODUCTID,QUANTITY) values (469,10423,31,14);
Insert into HR.ORDERDETAILS (ORDERDETAILID,ORDERID,PRODUCTID,QUANTITY) values (470,10423,59,20);
Insert into HR.ORDERDETAILS (ORDERDETAILID,ORDERID,PRODUCTID,QUANTITY) values (471,10424,35,60);
Insert into HR.ORDERDETAILS (ORDERDETAILID,ORDERID,PRODUCTID,QUANTITY) values (472,10424,38,49);
Insert into HR.ORDERDETAILS (ORDERDETAILID,ORDERID,PRODUCTID,QUANTITY) values (473,10424,68,30);
Insert into HR.ORDERDETAILS (ORDERDETAILID,ORDERID,PRODUCTID,QUANTITY) values (474,10425,55,10);
Insert into HR.ORDERDETAILS (ORDERDETAILID,ORDERID,PRODUCTID,QUANTITY) values (475,10425,76,20);
Insert into HR.ORDERDETAILS (ORDERDETAILID,ORDERID,PRODUCTID,QUANTITY) values (476,10426,56,5);
Insert into HR.ORDERDETAILS (ORDERDETAILID,ORDERID,PRODUCTID,QUANTITY) values (477,10426,64,7);
Insert into HR.ORDERDETAILS (ORDERDETAILID,ORDERID,PRODUCTID,QUANTITY) values (478,10427,14,35);
Insert into HR.ORDERDETAILS (ORDERDETAILID,ORDERID,PRODUCTID,QUANTITY) values (479,10428,46,20);
Insert into HR.ORDERDETAILS (ORDERDETAILID,ORDERID,PRODUCTID,QUANTITY) values (480,10429,50,40);
Insert into HR.ORDERDETAILS (ORDERDETAILID,ORDERID,PRODUCTID,QUANTITY) values (481,10429,63,35);
Insert into HR.ORDERDETAILS (ORDERDETAILID,ORDERID,PRODUCTID,QUANTITY) values (482,10430,17,45);
Insert into HR.ORDERDETAILS (ORDERDETAILID,ORDERID,PRODUCTID,QUANTITY) values (483,10430,21,50);
Insert into HR.ORDERDETAILS (ORDERDETAILID,ORDERID,PRODUCTID,QUANTITY) values (484,10430,56,30);
Insert into HR.ORDERDETAILS (ORDERDETAILID,ORDERID,PRODUCTID,QUANTITY) values (485,10430,59,70);
Insert into HR.ORDERDETAILS (ORDERDETAILID,ORDERID,PRODUCTID,QUANTITY) values (486,10431,17,50);
Insert into HR.ORDERDETAILS (ORDERDETAILID,ORDERID,PRODUCTID,QUANTITY) values (487,10431,40,50);
Insert into HR.ORDERDETAILS (ORDERDETAILID,ORDERID,PRODUCTID,QUANTITY) values (488,10431,47,30);
Insert into HR.ORDERDETAILS (ORDERDETAILID,ORDERID,PRODUCTID,QUANTITY) values (489,10432,26,10);
Insert into HR.ORDERDETAILS (ORDERDETAILID,ORDERID,PRODUCTID,QUANTITY) values (490,10432,54,40);
Insert into HR.ORDERDETAILS (ORDERDETAILID,ORDERID,PRODUCTID,QUANTITY) values (491,10433,56,28);
Insert into HR.ORDERDETAILS (ORDERDETAILID,ORDERID,PRODUCTID,QUANTITY) values (492,10434,11,6);
Insert into HR.ORDERDETAILS (ORDERDETAILID,ORDERID,PRODUCTID,QUANTITY) values (493,10434,76,18);
Insert into HR.ORDERDETAILS (ORDERDETAILID,ORDERID,PRODUCTID,QUANTITY) values (494,10435,2,10);
Insert into HR.ORDERDETAILS (ORDERDETAILID,ORDERID,PRODUCTID,QUANTITY) values (495,10435,22,12);
Insert into HR.ORDERDETAILS (ORDERDETAILID,ORDERID,PRODUCTID,QUANTITY) values (496,10435,72,10);
Insert into HR.ORDERDETAILS (ORDERDETAILID,ORDERID,PRODUCTID,QUANTITY) values (497,10436,46,5);
Insert into HR.ORDERDETAILS (ORDERDETAILID,ORDERID,PRODUCTID,QUANTITY) values (498,10436,56,40);
Insert into HR.ORDERDETAILS (ORDERDETAILID,ORDERID,PRODUCTID,QUANTITY) values (499,10436,64,30);
Insert into HR.ORDERDETAILS (ORDERDETAILID,ORDERID,PRODUCTID,QUANTITY) values (500,10436,75,24);
Insert into HR.ORDERDETAILS (ORDERDETAILID,ORDERID,PRODUCTID,QUANTITY) values (501,10437,53,15);
Insert into HR.ORDERDETAILS (ORDERDETAILID,ORDERID,PRODUCTID,QUANTITY) values (502,10438,19,15);
Insert into HR.ORDERDETAILS (ORDERDETAILID,ORDERID,PRODUCTID,QUANTITY) values (503,10438,34,20);
Insert into HR.ORDERDETAILS (ORDERDETAILID,ORDERID,PRODUCTID,QUANTITY) values (504,10438,57,15);
Insert into HR.ORDERDETAILS (ORDERDETAILID,ORDERID,PRODUCTID,QUANTITY) values (505,10439,12,15);
Insert into HR.ORDERDETAILS (ORDERDETAILID,ORDERID,PRODUCTID,QUANTITY) values (506,10439,16,16);
Insert into HR.ORDERDETAILS (ORDERDETAILID,ORDERID,PRODUCTID,QUANTITY) values (507,10439,64,6);
Insert into HR.ORDERDETAILS (ORDERDETAILID,ORDERID,PRODUCTID,QUANTITY) values (508,10439,74,30);
Insert into HR.ORDERDETAILS (ORDERDETAILID,ORDERID,PRODUCTID,QUANTITY) values (509,10440,2,45);
Insert into HR.ORDERDETAILS (ORDERDETAILID,ORDERID,PRODUCTID,QUANTITY) values (510,10440,16,49);
Insert into HR.ORDERDETAILS (ORDERDETAILID,ORDERID,PRODUCTID,QUANTITY) values (511,10440,29,24);
Insert into HR.ORDERDETAILS (ORDERDETAILID,ORDERID,PRODUCTID,QUANTITY) values (512,10440,61,90);
Insert into HR.ORDERDETAILS (ORDERDETAILID,ORDERID,PRODUCTID,QUANTITY) values (513,10441,27,50);
Insert into HR.ORDERDETAILS (ORDERDETAILID,ORDERID,PRODUCTID,QUANTITY) values (514,10442,11,30);
Insert into HR.ORDERDETAILS (ORDERDETAILID,ORDERID,PRODUCTID,QUANTITY) values (515,10442,54,80);
Insert into HR.ORDERDETAILS (ORDERDETAILID,ORDERID,PRODUCTID,QUANTITY) values (516,10442,66,60);
Insert into HR.ORDERDETAILS (ORDERDETAILID,ORDERID,PRODUCTID,QUANTITY) values (517,10443,11,6);
Insert into HR.ORDERDETAILS (ORDERDETAILID,ORDERID,PRODUCTID,QUANTITY) values (518,10443,28,12);
--INSERTING into HR.ORDERS
-- SET DEFINE OFF;
Insert into HR.ORDERS (ORDERID,CUSTOMERID,EMPLOYEEID,ORDERDATE,SHIPPERID) values (10248,90,5,to_date('04-JUL-96','DD-MON-RR'),3);
Insert into HR.ORDERS (ORDERID,CUSTOMERID,EMPLOYEEID,ORDERDATE,SHIPPERID) values (10249,81,6,to_date('05-JUL-96','DD-MON-RR'),1);
Insert into HR.ORDERS (ORDERID,CUSTOMERID,EMPLOYEEID,ORDERDATE,SHIPPERID) values (10250,34,4,to_date('08-JUL-96','DD-MON-RR'),2);
Insert into HR.ORDERS (ORDERID,CUSTOMERID,EMPLOYEEID,ORDERDATE,SHIPPERID) values (10251,84,3,to_date('08-JUL-96','DD-MON-RR'),1);
Insert into HR.ORDERS (ORDERID,CUSTOMERID,EMPLOYEEID,ORDERDATE,SHIPPERID) values (10252,76,4,to_date('09-JUL-96','DD-MON-RR'),2);
Insert into HR.ORDERS (ORDERID,CUSTOMERID,EMPLOYEEID,ORDERDATE,SHIPPERID) values (10253,34,3,to_date('10-JUL-96','DD-MON-RR'),2);
Insert into HR.ORDERS (ORDERID,CUSTOMERID,EMPLOYEEID,ORDERDATE,SHIPPERID) values (10254,14,5,to_date('11-JUL-96','DD-MON-RR'),2);
Insert into HR.ORDERS (ORDERID,CUSTOMERID,EMPLOYEEID,ORDERDATE,SHIPPERID) values (10255,68,9,to_date('12-JUL-96','DD-MON-RR'),3);
Insert into HR.ORDERS (ORDERID,CUSTOMERID,EMPLOYEEID,ORDERDATE,SHIPPERID) values (10256,88,3,to_date('15-JUL-96','DD-MON-RR'),2);
Insert into HR.ORDERS (ORDERID,CUSTOMERID,EMPLOYEEID,ORDERDATE,SHIPPERID) values (10257,35,4,to_date('16-JUL-96','DD-MON-RR'),3);
Insert into HR.ORDERS (ORDERID,CUSTOMERID,EMPLOYEEID,ORDERDATE,SHIPPERID) values (10258,20,1,to_date('17-JUL-96','DD-MON-RR'),1);
Insert into HR.ORDERS (ORDERID,CUSTOMERID,EMPLOYEEID,ORDERDATE,SHIPPERID) values (10259,13,4,to_date('18-JUL-96','DD-MON-RR'),3);
Insert into HR.ORDERS (ORDERID,CUSTOMERID,EMPLOYEEID,ORDERDATE,SHIPPERID) values (10260,55,4,to_date('19-JUL-96','DD-MON-RR'),1);
Insert into HR.ORDERS (ORDERID,CUSTOMERID,EMPLOYEEID,ORDERDATE,SHIPPERID) values (10261,61,4,to_date('19-JUL-96','DD-MON-RR'),2);
Insert into HR.ORDERS (ORDERID,CUSTOMERID,EMPLOYEEID,ORDERDATE,SHIPPERID) values (10262,65,8,to_date('22-JUL-96','DD-MON-RR'),3);
Insert into HR.ORDERS (ORDERID,CUSTOMERID,EMPLOYEEID,ORDERDATE,SHIPPERID) values (10263,20,9,to_date('23-JUL-96','DD-MON-RR'),3);
Insert into HR.ORDERS (ORDERID,CUSTOMERID,EMPLOYEEID,ORDERDATE,SHIPPERID) values (10264,24,6,to_date('24-JUL-96','DD-MON-RR'),3);
Insert into HR.ORDERS (ORDERID,CUSTOMERID,EMPLOYEEID,ORDERDATE,SHIPPERID) values (10265,7,2,to_date('25-JUL-96','DD-MON-RR'),1);
Insert into HR.ORDERS (ORDERID,CUSTOMERID,EMPLOYEEID,ORDERDATE,SHIPPERID) values (10266,87,3,to_date('26-JUL-96','DD-MON-RR'),3);
Insert into HR.ORDERS (ORDERID,CUSTOMERID,EMPLOYEEID,ORDERDATE,SHIPPERID) values (10267,25,4,to_date('29-JUL-96','DD-MON-RR'),1);
Insert into HR.ORDERS (ORDERID,CUSTOMERID,EMPLOYEEID,ORDERDATE,SHIPPERID) values (10268,33,8,to_date('30-JUL-96','DD-MON-RR'),3);
Insert into HR.ORDERS (ORDERID,CUSTOMERID,EMPLOYEEID,ORDERDATE,SHIPPERID) values (10269,89,5,to_date('31-JUL-96','DD-MON-RR'),1);
Insert into HR.ORDERS (ORDERID,CUSTOMERID,EMPLOYEEID,ORDERDATE,SHIPPERID) values (10270,87,1,to_date('01-AUG-96','DD-MON-RR'),1);
Insert into HR.ORDERS (ORDERID,CUSTOMERID,EMPLOYEEID,ORDERDATE,SHIPPERID) values (10271,75,6,to_date('01-AUG-96','DD-MON-RR'),2);
Insert into HR.ORDERS (ORDERID,CUSTOMERID,EMPLOYEEID,ORDERDATE,SHIPPERID) values (10272,65,6,to_date('02-AUG-96','DD-MON-RR'),2);
Insert into HR.ORDERS (ORDERID,CUSTOMERID,EMPLOYEEID,ORDERDATE,SHIPPERID) values (10273,63,3,to_date('05-AUG-96','DD-MON-RR'),3);
Insert into HR.ORDERS (ORDERID,CUSTOMERID,EMPLOYEEID,ORDERDATE,SHIPPERID) values (10274,85,6,to_date('06-AUG-96','DD-MON-RR'),1);
Insert into HR.ORDERS (ORDERID,CUSTOMERID,EMPLOYEEID,ORDERDATE,SHIPPERID) values (10275,49,1,to_date('07-AUG-96','DD-MON-RR'),1);
Insert into HR.ORDERS (ORDERID,CUSTOMERID,EMPLOYEEID,ORDERDATE,SHIPPERID) values (10276,80,8,to_date('08-AUG-96','DD-MON-RR'),3);
Insert into HR.ORDERS (ORDERID,CUSTOMERID,EMPLOYEEID,ORDERDATE,SHIPPERID) values (10277,52,2,to_date('09-AUG-96','DD-MON-RR'),3);
Insert into HR.ORDERS (ORDERID,CUSTOMERID,EMPLOYEEID,ORDERDATE,SHIPPERID) values (10278,5,8,to_date('12-AUG-96','DD-MON-RR'),2);
Insert into HR.ORDERS (ORDERID,CUSTOMERID,EMPLOYEEID,ORDERDATE,SHIPPERID) values (10279,44,8,to_date('13-AUG-96','DD-MON-RR'),2);
Insert into HR.ORDERS (ORDERID,CUSTOMERID,EMPLOYEEID,ORDERDATE,SHIPPERID) values (10280,5,2,to_date('14-AUG-96','DD-MON-RR'),1);
Insert into HR.ORDERS (ORDERID,CUSTOMERID,EMPLOYEEID,ORDERDATE,SHIPPERID) values (10281,69,4,to_date('14-AUG-96','DD-MON-RR'),1);
Insert into HR.ORDERS (ORDERID,CUSTOMERID,EMPLOYEEID,ORDERDATE,SHIPPERID) values (10282,69,4,to_date('15-AUG-96','DD-MON-RR'),1);
Insert into HR.ORDERS (ORDERID,CUSTOMERID,EMPLOYEEID,ORDERDATE,SHIPPERID) values (10283,46,3,to_date('16-AUG-96','DD-MON-RR'),3);
Insert into HR.ORDERS (ORDERID,CUSTOMERID,EMPLOYEEID,ORDERDATE,SHIPPERID) values (10284,44,4,to_date('19-AUG-96','DD-MON-RR'),1);
Insert into HR.ORDERS (ORDERID,CUSTOMERID,EMPLOYEEID,ORDERDATE,SHIPPERID) values (10285,63,1,to_date('20-AUG-96','DD-MON-RR'),2);
Insert into HR.ORDERS (ORDERID,CUSTOMERID,EMPLOYEEID,ORDERDATE,SHIPPERID) values (10286,63,8,to_date('21-AUG-96','DD-MON-RR'),3);
Insert into HR.ORDERS (ORDERID,CUSTOMERID,EMPLOYEEID,ORDERDATE,SHIPPERID) values (10287,67,8,to_date('22-AUG-96','DD-MON-RR'),3);
Insert into HR.ORDERS (ORDERID,CUSTOMERID,EMPLOYEEID,ORDERDATE,SHIPPERID) values (10288,66,4,to_date('23-AUG-96','DD-MON-RR'),1);
Insert into HR.ORDERS (ORDERID,CUSTOMERID,EMPLOYEEID,ORDERDATE,SHIPPERID) values (10289,11,7,to_date('26-AUG-96','DD-MON-RR'),3);
Insert into HR.ORDERS (ORDERID,CUSTOMERID,EMPLOYEEID,ORDERDATE,SHIPPERID) values (10290,15,8,to_date('27-AUG-96','DD-MON-RR'),1);
Insert into HR.ORDERS (ORDERID,CUSTOMERID,EMPLOYEEID,ORDERDATE,SHIPPERID) values (10291,61,6,to_date('27-AUG-96','DD-MON-RR'),2);
Insert into HR.ORDERS (ORDERID,CUSTOMERID,EMPLOYEEID,ORDERDATE,SHIPPERID) values (10292,81,1,to_date('28-AUG-96','DD-MON-RR'),2);
Insert into HR.ORDERS (ORDERID,CUSTOMERID,EMPLOYEEID,ORDERDATE,SHIPPERID) values (10293,80,1,to_date('29-AUG-96','DD-MON-RR'),3);
Insert into HR.ORDERS (ORDERID,CUSTOMERID,EMPLOYEEID,ORDERDATE,SHIPPERID) values (10294,65,4,to_date('30-AUG-96','DD-MON-RR'),2);
Insert into HR.ORDERS (ORDERID,CUSTOMERID,EMPLOYEEID,ORDERDATE,SHIPPERID) values (10295,85,2,to_date('02-SEP-96','DD-MON-RR'),2);
Insert into HR.ORDERS (ORDERID,CUSTOMERID,EMPLOYEEID,ORDERDATE,SHIPPERID) values (10296,46,6,to_date('03-SEP-96','DD-MON-RR'),1);
Insert into HR.ORDERS (ORDERID,CUSTOMERID,EMPLOYEEID,ORDERDATE,SHIPPERID) values (10297,7,5,to_date('04-SEP-96','DD-MON-RR'),2);
Insert into HR.ORDERS (ORDERID,CUSTOMERID,EMPLOYEEID,ORDERDATE,SHIPPERID) values (10298,37,6,to_date('05-SEP-96','DD-MON-RR'),2);
Insert into HR.ORDERS (ORDERID,CUSTOMERID,EMPLOYEEID,ORDERDATE,SHIPPERID) values (10299,67,4,to_date('06-SEP-96','DD-MON-RR'),2);
Insert into HR.ORDERS (ORDERID,CUSTOMERID,EMPLOYEEID,ORDERDATE,SHIPPERID) values (10300,49,2,to_date('09-SEP-96','DD-MON-RR'),2);
Insert into HR.ORDERS (ORDERID,CUSTOMERID,EMPLOYEEID,ORDERDATE,SHIPPERID) values (10301,86,8,to_date('09-SEP-96','DD-MON-RR'),2);
Insert into HR.ORDERS (ORDERID,CUSTOMERID,EMPLOYEEID,ORDERDATE,SHIPPERID) values (10302,76,4,to_date('10-SEP-96','DD-MON-RR'),2);
Insert into HR.ORDERS (ORDERID,CUSTOMERID,EMPLOYEEID,ORDERDATE,SHIPPERID) values (10303,30,7,to_date('11-SEP-96','DD-MON-RR'),2);
Insert into HR.ORDERS (ORDERID,CUSTOMERID,EMPLOYEEID,ORDERDATE,SHIPPERID) values (10304,80,1,to_date('12-SEP-96','DD-MON-RR'),2);
Insert into HR.ORDERS (ORDERID,CUSTOMERID,EMPLOYEEID,ORDERDATE,SHIPPERID) values (10305,55,8,to_date('13-SEP-96','DD-MON-RR'),3);
Insert into HR.ORDERS (ORDERID,CUSTOMERID,EMPLOYEEID,ORDERDATE,SHIPPERID) values (10306,69,1,to_date('16-SEP-96','DD-MON-RR'),3);
Insert into HR.ORDERS (ORDERID,CUSTOMERID,EMPLOYEEID,ORDERDATE,SHIPPERID) values (10307,48,2,to_date('17-SEP-96','DD-MON-RR'),2);
Insert into HR.ORDERS (ORDERID,CUSTOMERID,EMPLOYEEID,ORDERDATE,SHIPPERID) values (10308,2,7,to_date('18-SEP-96','DD-MON-RR'),3);
Insert into HR.ORDERS (ORDERID,CUSTOMERID,EMPLOYEEID,ORDERDATE,SHIPPERID) values (10309,37,3,to_date('19-SEP-96','DD-MON-RR'),1);
Insert into HR.ORDERS (ORDERID,CUSTOMERID,EMPLOYEEID,ORDERDATE,SHIPPERID) values (10310,77,8,to_date('20-SEP-96','DD-MON-RR'),2);
Insert into HR.ORDERS (ORDERID,CUSTOMERID,EMPLOYEEID,ORDERDATE,SHIPPERID) values (10311,18,1,to_date('20-SEP-96','DD-MON-RR'),3);
Insert into HR.ORDERS (ORDERID,CUSTOMERID,EMPLOYEEID,ORDERDATE,SHIPPERID) values (10312,86,2,to_date('23-SEP-96','DD-MON-RR'),2);
Insert into HR.ORDERS (ORDERID,CUSTOMERID,EMPLOYEEID,ORDERDATE,SHIPPERID) values (10313,63,2,to_date('24-SEP-96','DD-MON-RR'),2);
Insert into HR.ORDERS (ORDERID,CUSTOMERID,EMPLOYEEID,ORDERDATE,SHIPPERID) values (10314,65,1,to_date('25-SEP-96','DD-MON-RR'),2);
Insert into HR.ORDERS (ORDERID,CUSTOMERID,EMPLOYEEID,ORDERDATE,SHIPPERID) values (10315,38,4,to_date('26-SEP-96','DD-MON-RR'),2);
Insert into HR.ORDERS (ORDERID,CUSTOMERID,EMPLOYEEID,ORDERDATE,SHIPPERID) values (10316,65,1,to_date('27-SEP-96','DD-MON-RR'),3);
Insert into HR.ORDERS (ORDERID,CUSTOMERID,EMPLOYEEID,ORDERDATE,SHIPPERID) values (10317,48,6,to_date('30-SEP-96','DD-MON-RR'),1);
Insert into HR.ORDERS (ORDERID,CUSTOMERID,EMPLOYEEID,ORDERDATE,SHIPPERID) values (10318,38,8,to_date('01-OCT-96','DD-MON-RR'),2);
Insert into HR.ORDERS (ORDERID,CUSTOMERID,EMPLOYEEID,ORDERDATE,SHIPPERID) values (10319,80,7,to_date('02-OCT-96','DD-MON-RR'),3);
Insert into HR.ORDERS (ORDERID,CUSTOMERID,EMPLOYEEID,ORDERDATE,SHIPPERID) values (10320,87,5,to_date('03-OCT-96','DD-MON-RR'),3);
Insert into HR.ORDERS (ORDERID,CUSTOMERID,EMPLOYEEID,ORDERDATE,SHIPPERID) values (10321,38,3,to_date('03-OCT-96','DD-MON-RR'),2);
Insert into HR.ORDERS (ORDERID,CUSTOMERID,EMPLOYEEID,ORDERDATE,SHIPPERID) values (10322,58,7,to_date('04-OCT-96','DD-MON-RR'),3);
Insert into HR.ORDERS (ORDERID,CUSTOMERID,EMPLOYEEID,ORDERDATE,SHIPPERID) values (10323,39,4,to_date('07-OCT-96','DD-MON-RR'),1);
Insert into HR.ORDERS (ORDERID,CUSTOMERID,EMPLOYEEID,ORDERDATE,SHIPPERID) values (10324,71,9,to_date('08-OCT-96','DD-MON-RR'),1);
Insert into HR.ORDERS (ORDERID,CUSTOMERID,EMPLOYEEID,ORDERDATE,SHIPPERID) values (10325,39,1,to_date('09-OCT-96','DD-MON-RR'),3);
Insert into HR.ORDERS (ORDERID,CUSTOMERID,EMPLOYEEID,ORDERDATE,SHIPPERID) values (10326,8,4,to_date('10-OCT-96','DD-MON-RR'),2);
Insert into HR.ORDERS (ORDERID,CUSTOMERID,EMPLOYEEID,ORDERDATE,SHIPPERID) values (10327,24,2,to_date('11-OCT-96','DD-MON-RR'),1);
Insert into HR.ORDERS (ORDERID,CUSTOMERID,EMPLOYEEID,ORDERDATE,SHIPPERID) values (10328,28,4,to_date('14-OCT-96','DD-MON-RR'),3);
Insert into HR.ORDERS (ORDERID,CUSTOMERID,EMPLOYEEID,ORDERDATE,SHIPPERID) values (10329,75,4,to_date('15-OCT-96','DD-MON-RR'),2);
Insert into HR.ORDERS (ORDERID,CUSTOMERID,EMPLOYEEID,ORDERDATE,SHIPPERID) values (10330,46,3,to_date('16-OCT-96','DD-MON-RR'),1);
Insert into HR.ORDERS (ORDERID,CUSTOMERID,EMPLOYEEID,ORDERDATE,SHIPPERID) values (10331,9,9,to_date('16-OCT-96','DD-MON-RR'),1);
Insert into HR.ORDERS (ORDERID,CUSTOMERID,EMPLOYEEID,ORDERDATE,SHIPPERID) values (10332,51,3,to_date('17-OCT-96','DD-MON-RR'),2);
Insert into HR.ORDERS (ORDERID,CUSTOMERID,EMPLOYEEID,ORDERDATE,SHIPPERID) values (10333,87,5,to_date('18-OCT-96','DD-MON-RR'),3);
Insert into HR.ORDERS (ORDERID,CUSTOMERID,EMPLOYEEID,ORDERDATE,SHIPPERID) values (10334,84,8,to_date('21-OCT-96','DD-MON-RR'),2);
Insert into HR.ORDERS (ORDERID,CUSTOMERID,EMPLOYEEID,ORDERDATE,SHIPPERID) values (10335,37,7,to_date('22-OCT-96','DD-MON-RR'),2);
Insert into HR.ORDERS (ORDERID,CUSTOMERID,EMPLOYEEID,ORDERDATE,SHIPPERID) values (10336,60,7,to_date('23-OCT-96','DD-MON-RR'),2);
Insert into HR.ORDERS (ORDERID,CUSTOMERID,EMPLOYEEID,ORDERDATE,SHIPPERID) values (10337,25,4,to_date('24-OCT-96','DD-MON-RR'),3);
Insert into HR.ORDERS (ORDERID,CUSTOMERID,EMPLOYEEID,ORDERDATE,SHIPPERID) values (10338,55,4,to_date('25-OCT-96','DD-MON-RR'),3);
Insert into HR.ORDERS (ORDERID,CUSTOMERID,EMPLOYEEID,ORDERDATE,SHIPPERID) values (10339,51,2,to_date('28-OCT-96','DD-MON-RR'),2);
Insert into HR.ORDERS (ORDERID,CUSTOMERID,EMPLOYEEID,ORDERDATE,SHIPPERID) values (10340,9,1,to_date('29-OCT-96','DD-MON-RR'),3);
Insert into HR.ORDERS (ORDERID,CUSTOMERID,EMPLOYEEID,ORDERDATE,SHIPPERID) values (10341,73,7,to_date('29-OCT-96','DD-MON-RR'),3);
Insert into HR.ORDERS (ORDERID,CUSTOMERID,EMPLOYEEID,ORDERDATE,SHIPPERID) values (10342,25,4,to_date('30-OCT-96','DD-MON-RR'),2);
Insert into HR.ORDERS (ORDERID,CUSTOMERID,EMPLOYEEID,ORDERDATE,SHIPPERID) values (10343,44,4,to_date('31-OCT-96','DD-MON-RR'),1);
Insert into HR.ORDERS (ORDERID,CUSTOMERID,EMPLOYEEID,ORDERDATE,SHIPPERID) values (10344,89,4,to_date('01-NOV-96','DD-MON-RR'),2);
Insert into HR.ORDERS (ORDERID,CUSTOMERID,EMPLOYEEID,ORDERDATE,SHIPPERID) values (10345,63,2,to_date('04-NOV-96','DD-MON-RR'),2);
Insert into HR.ORDERS (ORDERID,CUSTOMERID,EMPLOYEEID,ORDERDATE,SHIPPERID) values (10346,65,3,to_date('05-NOV-96','DD-MON-RR'),3);
Insert into HR.ORDERS (ORDERID,CUSTOMERID,EMPLOYEEID,ORDERDATE,SHIPPERID) values (10347,21,4,to_date('06-NOV-96','DD-MON-RR'),3);
Insert into HR.ORDERS (ORDERID,CUSTOMERID,EMPLOYEEID,ORDERDATE,SHIPPERID) values (10348,86,4,to_date('07-NOV-96','DD-MON-RR'),2);
Insert into HR.ORDERS (ORDERID,CUSTOMERID,EMPLOYEEID,ORDERDATE,SHIPPERID) values (10349,75,7,to_date('08-NOV-96','DD-MON-RR'),1);
Insert into HR.ORDERS (ORDERID,CUSTOMERID,EMPLOYEEID,ORDERDATE,SHIPPERID) values (10350,41,6,to_date('11-NOV-96','DD-MON-RR'),2);
Insert into HR.ORDERS (ORDERID,CUSTOMERID,EMPLOYEEID,ORDERDATE,SHIPPERID) values (10351,20,1,to_date('11-NOV-96','DD-MON-RR'),1);
Insert into HR.ORDERS (ORDERID,CUSTOMERID,EMPLOYEEID,ORDERDATE,SHIPPERID) values (10352,28,3,to_date('12-NOV-96','DD-MON-RR'),3);
Insert into HR.ORDERS (ORDERID,CUSTOMERID,EMPLOYEEID,ORDERDATE,SHIPPERID) values (10353,59,7,to_date('13-NOV-96','DD-MON-RR'),3);
Insert into HR.ORDERS (ORDERID,CUSTOMERID,EMPLOYEEID,ORDERDATE,SHIPPERID) values (10354,58,8,to_date('14-NOV-96','DD-MON-RR'),3);
Insert into HR.ORDERS (ORDERID,CUSTOMERID,EMPLOYEEID,ORDERDATE,SHIPPERID) values (10355,4,6,to_date('15-NOV-96','DD-MON-RR'),1);
Insert into HR.ORDERS (ORDERID,CUSTOMERID,EMPLOYEEID,ORDERDATE,SHIPPERID) values (10356,86,6,to_date('18-NOV-96','DD-MON-RR'),2);
Insert into HR.ORDERS (ORDERID,CUSTOMERID,EMPLOYEEID,ORDERDATE,SHIPPERID) values (10357,46,1,to_date('19-NOV-96','DD-MON-RR'),3);
Insert into HR.ORDERS (ORDERID,CUSTOMERID,EMPLOYEEID,ORDERDATE,SHIPPERID) values (10358,41,5,to_date('20-NOV-96','DD-MON-RR'),1);
Insert into HR.ORDERS (ORDERID,CUSTOMERID,EMPLOYEEID,ORDERDATE,SHIPPERID) values (10359,72,5,to_date('21-NOV-96','DD-MON-RR'),3);
Insert into HR.ORDERS (ORDERID,CUSTOMERID,EMPLOYEEID,ORDERDATE,SHIPPERID) values (10360,7,4,to_date('22-NOV-96','DD-MON-RR'),3);
Insert into HR.ORDERS (ORDERID,CUSTOMERID,EMPLOYEEID,ORDERDATE,SHIPPERID) values (10361,63,1,to_date('22-NOV-96','DD-MON-RR'),2);
Insert into HR.ORDERS (ORDERID,CUSTOMERID,EMPLOYEEID,ORDERDATE,SHIPPERID) values (10362,9,3,to_date('25-NOV-96','DD-MON-RR'),1);
Insert into HR.ORDERS (ORDERID,CUSTOMERID,EMPLOYEEID,ORDERDATE,SHIPPERID) values (10363,17,4,to_date('26-NOV-96','DD-MON-RR'),3);
Insert into HR.ORDERS (ORDERID,CUSTOMERID,EMPLOYEEID,ORDERDATE,SHIPPERID) values (10364,19,1,to_date('26-NOV-96','DD-MON-RR'),1);
Insert into HR.ORDERS (ORDERID,CUSTOMERID,EMPLOYEEID,ORDERDATE,SHIPPERID) values (10365,3,3,to_date('27-NOV-96','DD-MON-RR'),2);
Insert into HR.ORDERS (ORDERID,CUSTOMERID,EMPLOYEEID,ORDERDATE,SHIPPERID) values (10366,29,8,to_date('28-NOV-96','DD-MON-RR'),2);
Insert into HR.ORDERS (ORDERID,CUSTOMERID,EMPLOYEEID,ORDERDATE,SHIPPERID) values (10367,83,7,to_date('28-NOV-96','DD-MON-RR'),3);
Insert into HR.ORDERS (ORDERID,CUSTOMERID,EMPLOYEEID,ORDERDATE,SHIPPERID) values (10368,20,2,to_date('29-NOV-96','DD-MON-RR'),2);
Insert into HR.ORDERS (ORDERID,CUSTOMERID,EMPLOYEEID,ORDERDATE,SHIPPERID) values (10369,75,8,to_date('02-DEC-96','DD-MON-RR'),2);
Insert into HR.ORDERS (ORDERID,CUSTOMERID,EMPLOYEEID,ORDERDATE,SHIPPERID) values (10370,14,6,to_date('03-DEC-96','DD-MON-RR'),2);
Insert into HR.ORDERS (ORDERID,CUSTOMERID,EMPLOYEEID,ORDERDATE,SHIPPERID) values (10371,41,1,to_date('03-DEC-96','DD-MON-RR'),1);
Insert into HR.ORDERS (ORDERID,CUSTOMERID,EMPLOYEEID,ORDERDATE,SHIPPERID) values (10372,62,5,to_date('04-DEC-96','DD-MON-RR'),2);
Insert into HR.ORDERS (ORDERID,CUSTOMERID,EMPLOYEEID,ORDERDATE,SHIPPERID) values (10373,37,4,to_date('05-DEC-96','DD-MON-RR'),3);
Insert into HR.ORDERS (ORDERID,CUSTOMERID,EMPLOYEEID,ORDERDATE,SHIPPERID) values (10374,91,1,to_date('05-DEC-96','DD-MON-RR'),3);
Insert into HR.ORDERS (ORDERID,CUSTOMERID,EMPLOYEEID,ORDERDATE,SHIPPERID) values (10375,36,3,to_date('06-DEC-96','DD-MON-RR'),2);
Insert into HR.ORDERS (ORDERID,CUSTOMERID,EMPLOYEEID,ORDERDATE,SHIPPERID) values (10376,51,1,to_date('09-DEC-96','DD-MON-RR'),2);
Insert into HR.ORDERS (ORDERID,CUSTOMERID,EMPLOYEEID,ORDERDATE,SHIPPERID) values (10377,72,1,to_date('09-DEC-96','DD-MON-RR'),3);
Insert into HR.ORDERS (ORDERID,CUSTOMERID,EMPLOYEEID,ORDERDATE,SHIPPERID) values (10378,24,5,to_date('10-DEC-96','DD-MON-RR'),3);
Insert into HR.ORDERS (ORDERID,CUSTOMERID,EMPLOYEEID,ORDERDATE,SHIPPERID) values (10379,61,2,to_date('11-DEC-96','DD-MON-RR'),1);
Insert into HR.ORDERS (ORDERID,CUSTOMERID,EMPLOYEEID,ORDERDATE,SHIPPERID) values (10380,37,8,to_date('12-DEC-96','DD-MON-RR'),3);
Insert into HR.ORDERS (ORDERID,CUSTOMERID,EMPLOYEEID,ORDERDATE,SHIPPERID) values (10381,46,3,to_date('12-DEC-96','DD-MON-RR'),3);
Insert into HR.ORDERS (ORDERID,CUSTOMERID,EMPLOYEEID,ORDERDATE,SHIPPERID) values (10382,20,4,to_date('13-DEC-96','DD-MON-RR'),1);
Insert into HR.ORDERS (ORDERID,CUSTOMERID,EMPLOYEEID,ORDERDATE,SHIPPERID) values (10383,4,8,to_date('16-DEC-96','DD-MON-RR'),3);
Insert into HR.ORDERS (ORDERID,CUSTOMERID,EMPLOYEEID,ORDERDATE,SHIPPERID) values (10384,5,3,to_date('16-DEC-96','DD-MON-RR'),3);
Insert into HR.ORDERS (ORDERID,CUSTOMERID,EMPLOYEEID,ORDERDATE,SHIPPERID) values (10385,75,1,to_date('17-DEC-96','DD-MON-RR'),2);
Insert into HR.ORDERS (ORDERID,CUSTOMERID,EMPLOYEEID,ORDERDATE,SHIPPERID) values (10386,21,9,to_date('18-DEC-96','DD-MON-RR'),3);
Insert into HR.ORDERS (ORDERID,CUSTOMERID,EMPLOYEEID,ORDERDATE,SHIPPERID) values (10387,70,1,to_date('18-DEC-96','DD-MON-RR'),2);
Insert into HR.ORDERS (ORDERID,CUSTOMERID,EMPLOYEEID,ORDERDATE,SHIPPERID) values (10388,72,2,to_date('19-DEC-96','DD-MON-RR'),1);
Insert into HR.ORDERS (ORDERID,CUSTOMERID,EMPLOYEEID,ORDERDATE,SHIPPERID) values (10389,10,4,to_date('20-DEC-96','DD-MON-RR'),2);
Insert into HR.ORDERS (ORDERID,CUSTOMERID,EMPLOYEEID,ORDERDATE,SHIPPERID) values (10390,20,6,to_date('23-DEC-96','DD-MON-RR'),1);
Insert into HR.ORDERS (ORDERID,CUSTOMERID,EMPLOYEEID,ORDERDATE,SHIPPERID) values (10391,17,3,to_date('23-DEC-96','DD-MON-RR'),3);
Insert into HR.ORDERS (ORDERID,CUSTOMERID,EMPLOYEEID,ORDERDATE,SHIPPERID) values (10392,59,2,to_date('24-DEC-96','DD-MON-RR'),3);
Insert into HR.ORDERS (ORDERID,CUSTOMERID,EMPLOYEEID,ORDERDATE,SHIPPERID) values (10393,71,1,to_date('25-DEC-96','DD-MON-RR'),3);
Insert into HR.ORDERS (ORDERID,CUSTOMERID,EMPLOYEEID,ORDERDATE,SHIPPERID) values (10394,36,1,to_date('25-DEC-96','DD-MON-RR'),3);
Insert into HR.ORDERS (ORDERID,CUSTOMERID,EMPLOYEEID,ORDERDATE,SHIPPERID) values (10395,35,6,to_date('26-DEC-96','DD-MON-RR'),1);
Insert into HR.ORDERS (ORDERID,CUSTOMERID,EMPLOYEEID,ORDERDATE,SHIPPERID) values (10396,25,1,to_date('27-DEC-96','DD-MON-RR'),3);
Insert into HR.ORDERS (ORDERID,CUSTOMERID,EMPLOYEEID,ORDERDATE,SHIPPERID) values (10397,60,5,to_date('27-DEC-96','DD-MON-RR'),1);
Insert into HR.ORDERS (ORDERID,CUSTOMERID,EMPLOYEEID,ORDERDATE,SHIPPERID) values (10398,71,2,to_date('30-DEC-96','DD-MON-RR'),3);
Insert into HR.ORDERS (ORDERID,CUSTOMERID,EMPLOYEEID,ORDERDATE,SHIPPERID) values (10399,83,8,to_date('31-DEC-96','DD-MON-RR'),3);
Insert into HR.ORDERS (ORDERID,CUSTOMERID,EMPLOYEEID,ORDERDATE,SHIPPERID) values (10400,19,1,to_date('01-JAN-97','DD-MON-RR'),3);
Insert into HR.ORDERS (ORDERID,CUSTOMERID,EMPLOYEEID,ORDERDATE,SHIPPERID) values (10401,65,1,to_date('01-JAN-97','DD-MON-RR'),1);
Insert into HR.ORDERS (ORDERID,CUSTOMERID,EMPLOYEEID,ORDERDATE,SHIPPERID) values (10402,20,8,to_date('02-JAN-97','DD-MON-RR'),2);
Insert into HR.ORDERS (ORDERID,CUSTOMERID,EMPLOYEEID,ORDERDATE,SHIPPERID) values (10403,20,4,to_date('03-JAN-97','DD-MON-RR'),3);
Insert into HR.ORDERS (ORDERID,CUSTOMERID,EMPLOYEEID,ORDERDATE,SHIPPERID) values (10404,49,2,to_date('03-JAN-97','DD-MON-RR'),1);
Insert into HR.ORDERS (ORDERID,CUSTOMERID,EMPLOYEEID,ORDERDATE,SHIPPERID) values (10405,47,1,to_date('06-JAN-97','DD-MON-RR'),1);
Insert into HR.ORDERS (ORDERID,CUSTOMERID,EMPLOYEEID,ORDERDATE,SHIPPERID) values (10406,62,7,to_date('07-JAN-97','DD-MON-RR'),1);
Insert into HR.ORDERS (ORDERID,CUSTOMERID,EMPLOYEEID,ORDERDATE,SHIPPERID) values (10407,56,2,to_date('07-JAN-97','DD-MON-RR'),2);
Insert into HR.ORDERS (ORDERID,CUSTOMERID,EMPLOYEEID,ORDERDATE,SHIPPERID) values (10408,23,8,to_date('08-JAN-97','DD-MON-RR'),1);
Insert into HR.ORDERS (ORDERID,CUSTOMERID,EMPLOYEEID,ORDERDATE,SHIPPERID) values (10409,54,3,to_date('09-JAN-97','DD-MON-RR'),1);
Insert into HR.ORDERS (ORDERID,CUSTOMERID,EMPLOYEEID,ORDERDATE,SHIPPERID) values (10410,10,3,to_date('10-JAN-97','DD-MON-RR'),3);
Insert into HR.ORDERS (ORDERID,CUSTOMERID,EMPLOYEEID,ORDERDATE,SHIPPERID) values (10411,10,9,to_date('10-JAN-97','DD-MON-RR'),3);
Insert into HR.ORDERS (ORDERID,CUSTOMERID,EMPLOYEEID,ORDERDATE,SHIPPERID) values (10412,87,8,to_date('13-JAN-97','DD-MON-RR'),2);
Insert into HR.ORDERS (ORDERID,CUSTOMERID,EMPLOYEEID,ORDERDATE,SHIPPERID) values (10413,41,3,to_date('14-JAN-97','DD-MON-RR'),2);
Insert into HR.ORDERS (ORDERID,CUSTOMERID,EMPLOYEEID,ORDERDATE,SHIPPERID) values (10414,21,2,to_date('14-JAN-97','DD-MON-RR'),3);
Insert into HR.ORDERS (ORDERID,CUSTOMERID,EMPLOYEEID,ORDERDATE,SHIPPERID) values (10415,36,3,to_date('15-JAN-97','DD-MON-RR'),1);
Insert into HR.ORDERS (ORDERID,CUSTOMERID,EMPLOYEEID,ORDERDATE,SHIPPERID) values (10416,87,8,to_date('16-JAN-97','DD-MON-RR'),3);
Insert into HR.ORDERS (ORDERID,CUSTOMERID,EMPLOYEEID,ORDERDATE,SHIPPERID) values (10417,73,4,to_date('16-JAN-97','DD-MON-RR'),3);
Insert into HR.ORDERS (ORDERID,CUSTOMERID,EMPLOYEEID,ORDERDATE,SHIPPERID) values (10418,63,4,to_date('17-JAN-97','DD-MON-RR'),1);
Insert into HR.ORDERS (ORDERID,CUSTOMERID,EMPLOYEEID,ORDERDATE,SHIPPERID) values (10419,68,4,to_date('20-JAN-97','DD-MON-RR'),2);
Insert into HR.ORDERS (ORDERID,CUSTOMERID,EMPLOYEEID,ORDERDATE,SHIPPERID) values (10420,88,3,to_date('21-JAN-97','DD-MON-RR'),1);
Insert into HR.ORDERS (ORDERID,CUSTOMERID,EMPLOYEEID,ORDERDATE,SHIPPERID) values (10421,61,8,to_date('21-JAN-97','DD-MON-RR'),1);
Insert into HR.ORDERS (ORDERID,CUSTOMERID,EMPLOYEEID,ORDERDATE,SHIPPERID) values (10422,27,2,to_date('22-JAN-97','DD-MON-RR'),1);
Insert into HR.ORDERS (ORDERID,CUSTOMERID,EMPLOYEEID,ORDERDATE,SHIPPERID) values (10423,31,6,to_date('23-JAN-97','DD-MON-RR'),3);
Insert into HR.ORDERS (ORDERID,CUSTOMERID,EMPLOYEEID,ORDERDATE,SHIPPERID) values (10424,51,7,to_date('23-JAN-97','DD-MON-RR'),2);
Insert into HR.ORDERS (ORDERID,CUSTOMERID,EMPLOYEEID,ORDERDATE,SHIPPERID) values (10425,41,6,to_date('24-JAN-97','DD-MON-RR'),2);
Insert into HR.ORDERS (ORDERID,CUSTOMERID,EMPLOYEEID,ORDERDATE,SHIPPERID) values (10426,29,4,to_date('27-JAN-97','DD-MON-RR'),1);
Insert into HR.ORDERS (ORDERID,CUSTOMERID,EMPLOYEEID,ORDERDATE,SHIPPERID) values (10427,59,4,to_date('27-JAN-97','DD-MON-RR'),2);
Insert into HR.ORDERS (ORDERID,CUSTOMERID,EMPLOYEEID,ORDERDATE,SHIPPERID) values (10428,66,7,to_date('28-JAN-97','DD-MON-RR'),1);
Insert into HR.ORDERS (ORDERID,CUSTOMERID,EMPLOYEEID,ORDERDATE,SHIPPERID) values (10429,37,3,to_date('29-JAN-97','DD-MON-RR'),2);
Insert into HR.ORDERS (ORDERID,CUSTOMERID,EMPLOYEEID,ORDERDATE,SHIPPERID) values (10430,20,4,to_date('30-JAN-97','DD-MON-RR'),1);
Insert into HR.ORDERS (ORDERID,CUSTOMERID,EMPLOYEEID,ORDERDATE,SHIPPERID) values (10431,10,4,to_date('30-JAN-97','DD-MON-RR'),2);
Insert into HR.ORDERS (ORDERID,CUSTOMERID,EMPLOYEEID,ORDERDATE,SHIPPERID) values (10432,75,3,to_date('31-JAN-97','DD-MON-RR'),2);
Insert into HR.ORDERS (ORDERID,CUSTOMERID,EMPLOYEEID,ORDERDATE,SHIPPERID) values (10433,60,3,to_date('03-FEB-97','DD-MON-RR'),3);
Insert into HR.ORDERS (ORDERID,CUSTOMERID,EMPLOYEEID,ORDERDATE,SHIPPERID) values (10434,24,3,to_date('03-FEB-97','DD-MON-RR'),2);
Insert into HR.ORDERS (ORDERID,CUSTOMERID,EMPLOYEEID,ORDERDATE,SHIPPERID) values (10435,16,8,to_date('04-FEB-97','DD-MON-RR'),2);
Insert into HR.ORDERS (ORDERID,CUSTOMERID,EMPLOYEEID,ORDERDATE,SHIPPERID) values (10436,7,3,to_date('05-FEB-97','DD-MON-RR'),2);
Insert into HR.ORDERS (ORDERID,CUSTOMERID,EMPLOYEEID,ORDERDATE,SHIPPERID) values (10437,87,8,to_date('05-FEB-97','DD-MON-RR'),1);
Insert into HR.ORDERS (ORDERID,CUSTOMERID,EMPLOYEEID,ORDERDATE,SHIPPERID) values (10438,79,3,to_date('06-FEB-97','DD-MON-RR'),2);
Insert into HR.ORDERS (ORDERID,CUSTOMERID,EMPLOYEEID,ORDERDATE,SHIPPERID) values (10439,51,6,to_date('07-FEB-97','DD-MON-RR'),3);
Insert into HR.ORDERS (ORDERID,CUSTOMERID,EMPLOYEEID,ORDERDATE,SHIPPERID) values (10440,71,4,to_date('10-FEB-97','DD-MON-RR'),2);
Insert into HR.ORDERS (ORDERID,CUSTOMERID,EMPLOYEEID,ORDERDATE,SHIPPERID) values (10441,55,3,to_date('10-FEB-97','DD-MON-RR'),2);
Insert into HR.ORDERS (ORDERID,CUSTOMERID,EMPLOYEEID,ORDERDATE,SHIPPERID) values (10442,20,3,to_date('11-FEB-97','DD-MON-RR'),2);
Insert into HR.ORDERS (ORDERID,CUSTOMERID,EMPLOYEEID,ORDERDATE,SHIPPERID) values (10443,66,8,to_date('12-FEB-97','DD-MON-RR'),1);
--INSERTING into HR.PRODUCTS
-- SET DEFINE OFF;
Insert into HR.PRODUCTS (PRODUCTID,PRODUCTNAME,SUPPLIERID,CATEGORYID,UNIT,PRICE) values (1,'Chais',1,1,'10 boxes x 20 bags',18);
Insert into HR.PRODUCTS (PRODUCTID,PRODUCTNAME,SUPPLIERID,CATEGORYID,UNIT,PRICE) values (2,'Chang',1,1,'24 - 12 oz bottles',19);
Insert into HR.PRODUCTS (PRODUCTID,PRODUCTNAME,SUPPLIERID,CATEGORYID,UNIT,PRICE) values (3,'Aniseed Syrup',1,2,'12 - 550 ml bottles',10);
Insert into HR.PRODUCTS (PRODUCTID,PRODUCTNAME,SUPPLIERID,CATEGORYID,UNIT,PRICE) values (4,'Chef Anton''s Cajun Seasoning',2,2,'48 - 6 oz jars',22);
Insert into HR.PRODUCTS (PRODUCTID,PRODUCTNAME,SUPPLIERID,CATEGORYID,UNIT,PRICE) values (5,'Chef Anton''s Gumbo Mix',2,2,'36 boxes',21.35);
Insert into HR.PRODUCTS (PRODUCTID,PRODUCTNAME,SUPPLIERID,CATEGORYID,UNIT,PRICE) values (6,'Grandma''s Boysenberry Spread',3,2,'12 - 8 oz jars',25);
Insert into HR.PRODUCTS (PRODUCTID,PRODUCTNAME,SUPPLIERID,CATEGORYID,UNIT,PRICE) values (7,'Uncle Bob''s Organic Dried Pears',3,7,'12 - 1 lb pkgs.',30);
Insert into HR.PRODUCTS (PRODUCTID,PRODUCTNAME,SUPPLIERID,CATEGORYID,UNIT,PRICE) values (8,'Northwoods Cranberry Sauce',3,2,'12 - 12 oz jars',40);
Insert into HR.PRODUCTS (PRODUCTID,PRODUCTNAME,SUPPLIERID,CATEGORYID,UNIT,PRICE) values (9,'Mishi Kobe Niku',4,6,'18 - 500 g pkgs.',97);
Insert into HR.PRODUCTS (PRODUCTID,PRODUCTNAME,SUPPLIERID,CATEGORYID,UNIT,PRICE) values (10,'Ikura',4,8,'12 - 200 ml jars',31);
Insert into HR.PRODUCTS (PRODUCTID,PRODUCTNAME,SUPPLIERID,CATEGORYID,UNIT,PRICE) values (11,'Queso Cabrales',5,4,'1 kg pkg.',21);
Insert into HR.PRODUCTS (PRODUCTID,PRODUCTNAME,SUPPLIERID,CATEGORYID,UNIT,PRICE) values (12,'Queso Manchego La Pastora',5,4,'10 - 500 g pkgs.',38);
Insert into HR.PRODUCTS (PRODUCTID,PRODUCTNAME,SUPPLIERID,CATEGORYID,UNIT,PRICE) values (13,'Konbu',6,8,'2 kg box',6);
Insert into HR.PRODUCTS (PRODUCTID,PRODUCTNAME,SUPPLIERID,CATEGORYID,UNIT,PRICE) values (14,'Tofu',6,7,'40 - 100 g pkgs.',23.25);
Insert into HR.PRODUCTS (PRODUCTID,PRODUCTNAME,SUPPLIERID,CATEGORYID,UNIT,PRICE) values (15,'Genen Shouyu',6,2,'24 - 250 ml bottles',15.5);
Insert into HR.PRODUCTS (PRODUCTID,PRODUCTNAME,SUPPLIERID,CATEGORYID,UNIT,PRICE) values (16,'Pavlova',7,3,'32 - 500 g boxes',17.45);
Insert into HR.PRODUCTS (PRODUCTID,PRODUCTNAME,SUPPLIERID,CATEGORYID,UNIT,PRICE) values (17,'Alice Mutton',7,6,'20 - 1 kg tins',39);
Insert into HR.PRODUCTS (PRODUCTID,PRODUCTNAME,SUPPLIERID,CATEGORYID,UNIT,PRICE) values (18,'Carnarvon Tigers',7,8,'16 kg pkg.',62.5);
Insert into HR.PRODUCTS (PRODUCTID,PRODUCTNAME,SUPPLIERID,CATEGORYID,UNIT,PRICE) values (19,'Teatime Chocolate Biscuits',8,3,'10 boxes x 12 pieces',9.2);
Insert into HR.PRODUCTS (PRODUCTID,PRODUCTNAME,SUPPLIERID,CATEGORYID,UNIT,PRICE) values (20,'Sir Rodney''s Marmalade',8,3,'30 gift boxes',81);
Insert into HR.PRODUCTS (PRODUCTID,PRODUCTNAME,SUPPLIERID,CATEGORYID,UNIT,PRICE) values (21,'Sir Rodney''s Scones',8,3,'24 pkgs. x 4 pieces',10);
Insert into HR.PRODUCTS (PRODUCTID,PRODUCTNAME,SUPPLIERID,CATEGORYID,UNIT,PRICE) values (22,'Gustaf''s Knäckebröd',9,5,'24 - 500 g pkgs.',21);
Insert into HR.PRODUCTS (PRODUCTID,PRODUCTNAME,SUPPLIERID,CATEGORYID,UNIT,PRICE) values (23,'Tunnbröd',9,5,'12 - 250 g pkgs.',9);
Insert into HR.PRODUCTS (PRODUCTID,PRODUCTNAME,SUPPLIERID,CATEGORYID,UNIT,PRICE) values (24,'Guaraná Fantástica',10,1,'12 - 355 ml cans',4.5);
Insert into HR.PRODUCTS (PRODUCTID,PRODUCTNAME,SUPPLIERID,CATEGORYID,UNIT,PRICE) values (25,'NuNuCa Nuß-Nougat-Creme',11,3,'20 - 450 g glasses',14);
Insert into HR.PRODUCTS (PRODUCTID,PRODUCTNAME,SUPPLIERID,CATEGORYID,UNIT,PRICE) values (26,'Gumbär Gummibärchen',11,3,'100 - 250 g bags',31.23);
Insert into HR.PRODUCTS (PRODUCTID,PRODUCTNAME,SUPPLIERID,CATEGORYID,UNIT,PRICE) values (27,'Schoggi Schokolade',11,3,'100 - 100 g pieces',43.9);
Insert into HR.PRODUCTS (PRODUCTID,PRODUCTNAME,SUPPLIERID,CATEGORYID,UNIT,PRICE) values (28,'Rössle Sauerkraut',12,7,'25 - 825 g cans',45.6);
Insert into HR.PRODUCTS (PRODUCTID,PRODUCTNAME,SUPPLIERID,CATEGORYID,UNIT,PRICE) values (29,'Thüringer Rostbratwurst',12,6,'50 bags x 30 sausgs.',123.79);
Insert into HR.PRODUCTS (PRODUCTID,PRODUCTNAME,SUPPLIERID,CATEGORYID,UNIT,PRICE) values (30,'Nord-Ost Matjeshering',13,8,'10 - 200 g glasses',25.89);
Insert into HR.PRODUCTS (PRODUCTID,PRODUCTNAME,SUPPLIERID,CATEGORYID,UNIT,PRICE) values (31,'Gorgonzola Telino',14,4,'12 - 100 g pkgs',12.5);
Insert into HR.PRODUCTS (PRODUCTID,PRODUCTNAME,SUPPLIERID,CATEGORYID,UNIT,PRICE) values (32,'Mascarpone Fabioli',14,4,'24 - 200 g pkgs.',32);
Insert into HR.PRODUCTS (PRODUCTID,PRODUCTNAME,SUPPLIERID,CATEGORYID,UNIT,PRICE) values (33,'Geitost',15,4,'500 g',2.5);
Insert into HR.PRODUCTS (PRODUCTID,PRODUCTNAME,SUPPLIERID,CATEGORYID,UNIT,PRICE) values (34,'Sasquatch Ale',16,1,'24 - 12 oz bottles',14);
Insert into HR.PRODUCTS (PRODUCTID,PRODUCTNAME,SUPPLIERID,CATEGORYID,UNIT,PRICE) values (35,'Steeleye Stout',16,1,'24 - 12 oz bottles',18);
Insert into HR.PRODUCTS (PRODUCTID,PRODUCTNAME,SUPPLIERID,CATEGORYID,UNIT,PRICE) values (36,'Inlagd Sill',17,8,'24 - 250 g jars',19);
Insert into HR.PRODUCTS (PRODUCTID,PRODUCTNAME,SUPPLIERID,CATEGORYID,UNIT,PRICE) values (37,'Gravad lax',17,8,'12 - 500 g pkgs.',26);
Insert into HR.PRODUCTS (PRODUCTID,PRODUCTNAME,SUPPLIERID,CATEGORYID,UNIT,PRICE) values (38,'Côte de Blaye',18,1,'12 - 75 cl bottles',263.5);
Insert into HR.PRODUCTS (PRODUCTID,PRODUCTNAME,SUPPLIERID,CATEGORYID,UNIT,PRICE) values (39,'Chartreuse verte',18,1,'750 cc per bottle',18);
Insert into HR.PRODUCTS (PRODUCTID,PRODUCTNAME,SUPPLIERID,CATEGORYID,UNIT,PRICE) values (40,'Boston Crab Meat',19,8,'24 - 4 oz tins',18.4);
Insert into HR.PRODUCTS (PRODUCTID,PRODUCTNAME,SUPPLIERID,CATEGORYID,UNIT,PRICE) values (41,'Jack''s New England Clam Chowder',19,8,'12 - 12 oz cans',9.65);
Insert into HR.PRODUCTS (PRODUCTID,PRODUCTNAME,SUPPLIERID,CATEGORYID,UNIT,PRICE) values (42,'Singaporean Hokkien Fried Mee',20,5,'32 - 1 kg pkgs.',14);
Insert into HR.PRODUCTS (PRODUCTID,PRODUCTNAME,SUPPLIERID,CATEGORYID,UNIT,PRICE) values (43,'Ipoh Coffee',20,1,'16 - 500 g tins',46);
Insert into HR.PRODUCTS (PRODUCTID,PRODUCTNAME,SUPPLIERID,CATEGORYID,UNIT,PRICE) values (44,'Gula Malacca',20,2,'20 - 2 kg bags',19.45);
Insert into HR.PRODUCTS (PRODUCTID,PRODUCTNAME,SUPPLIERID,CATEGORYID,UNIT,PRICE) values (45,'Røgede sild',21,8,'1k pkg.',9.5);
Insert into HR.PRODUCTS (PRODUCTID,PRODUCTNAME,SUPPLIERID,CATEGORYID,UNIT,PRICE) values (46,'Spegesild',21,8,'4 - 450 g glasses',12);
Insert into HR.PRODUCTS (PRODUCTID,PRODUCTNAME,SUPPLIERID,CATEGORYID,UNIT,PRICE) values (47,'Zaanse koeken',22,3,'10 - 4 oz boxes',9.5);
Insert into HR.PRODUCTS (PRODUCTID,PRODUCTNAME,SUPPLIERID,CATEGORYID,UNIT,PRICE) values (48,'Chocolade',22,3,'10 pkgs.',12.75);
Insert into HR.PRODUCTS (PRODUCTID,PRODUCTNAME,SUPPLIERID,CATEGORYID,UNIT,PRICE) values (49,'Maxilaku',23,3,'24 - 50 g pkgs.',20);
Insert into HR.PRODUCTS (PRODUCTID,PRODUCTNAME,SUPPLIERID,CATEGORYID,UNIT,PRICE) values (50,'Valkoinen suklaa',23,3,'12 - 100 g bars',16.25);
Insert into HR.PRODUCTS (PRODUCTID,PRODUCTNAME,SUPPLIERID,CATEGORYID,UNIT,PRICE) values (51,'Manjimup Dried Apples',24,7,'50 - 300 g pkgs.',53);
Insert into HR.PRODUCTS (PRODUCTID,PRODUCTNAME,SUPPLIERID,CATEGORYID,UNIT,PRICE) values (52,'Filo Mix',24,5,'16 - 2 kg boxes',7);
Insert into HR.PRODUCTS (PRODUCTID,PRODUCTNAME,SUPPLIERID,CATEGORYID,UNIT,PRICE) values (53,'Perth Pasties',24,6,'48 pieces',32.8);
Insert into HR.PRODUCTS (PRODUCTID,PRODUCTNAME,SUPPLIERID,CATEGORYID,UNIT,PRICE) values (54,'Tourtière',25,6,'16 pies',7.45);
Insert into HR.PRODUCTS (PRODUCTID,PRODUCTNAME,SUPPLIERID,CATEGORYID,UNIT,PRICE) values (55,'Pâté chinois',25,6,'24 boxes x 2 pies',24);
Insert into HR.PRODUCTS (PRODUCTID,PRODUCTNAME,SUPPLIERID,CATEGORYID,UNIT,PRICE) values (56,'Gnocchi di nonna Alice',26,5,'24 - 250 g pkgs.',38);
Insert into HR.PRODUCTS (PRODUCTID,PRODUCTNAME,SUPPLIERID,CATEGORYID,UNIT,PRICE) values (57,'Ravioli Angelo',26,5,'24 - 250 g pkgs.',19.5);
Insert into HR.PRODUCTS (PRODUCTID,PRODUCTNAME,SUPPLIERID,CATEGORYID,UNIT,PRICE) values (58,'Escargots de Bourgogne',27,8,'24 pieces',13.25);
Insert into HR.PRODUCTS (PRODUCTID,PRODUCTNAME,SUPPLIERID,CATEGORYID,UNIT,PRICE) values (59,'Raclette Courdavault',28,4,'5 kg pkg.',55);
Insert into HR.PRODUCTS (PRODUCTID,PRODUCTNAME,SUPPLIERID,CATEGORYID,UNIT,PRICE) values (60,'Camembert Pierrot',28,4,'15 - 300 g rounds',34);
Insert into HR.PRODUCTS (PRODUCTID,PRODUCTNAME,SUPPLIERID,CATEGORYID,UNIT,PRICE) values (61,'Sirop d''érable',29,2,'24 - 500 ml bottles',28.5);
Insert into HR.PRODUCTS (PRODUCTID,PRODUCTNAME,SUPPLIERID,CATEGORYID,UNIT,PRICE) values (62,'Tarte au sucre',29,3,'48 pies',49.3);
Insert into HR.PRODUCTS (PRODUCTID,PRODUCTNAME,SUPPLIERID,CATEGORYID,UNIT,PRICE) values (63,'Vegie-spread',7,2,'15 - 625 g jars',43.9);
Insert into HR.PRODUCTS (PRODUCTID,PRODUCTNAME,SUPPLIERID,CATEGORYID,UNIT,PRICE) values (64,'Wimmers gute Semmelknödel',12,5,'20 bags x 4 pieces',33.25);
Insert into HR.PRODUCTS (PRODUCTID,PRODUCTNAME,SUPPLIERID,CATEGORYID,UNIT,PRICE) values (65,'Louisiana Fiery Hot Pepper Sauce',2,2,'32 - 8 oz bottles',21.05);
Insert into HR.PRODUCTS (PRODUCTID,PRODUCTNAME,SUPPLIERID,CATEGORYID,UNIT,PRICE) values (66,'Louisiana Hot Spiced Okra',2,2,'24 - 8 oz jars',17);
Insert into HR.PRODUCTS (PRODUCTID,PRODUCTNAME,SUPPLIERID,CATEGORYID,UNIT,PRICE) values (67,'Laughing Lumberjack Lager',16,1,'24 - 12 oz bottles',14);
Insert into HR.PRODUCTS (PRODUCTID,PRODUCTNAME,SUPPLIERID,CATEGORYID,UNIT,PRICE) values (68,'Scottish Longbreads',8,3,'10 boxes x 8 pieces',12.5);
Insert into HR.PRODUCTS (PRODUCTID,PRODUCTNAME,SUPPLIERID,CATEGORYID,UNIT,PRICE) values (69,'Gudbrandsdalsost',15,4,'10 kg pkg.',36);
Insert into HR.PRODUCTS (PRODUCTID,PRODUCTNAME,SUPPLIERID,CATEGORYID,UNIT,PRICE) values (70,'Outback Lager',7,1,'24 - 355 ml bottles',15);
Insert into HR.PRODUCTS (PRODUCTID,PRODUCTNAME,SUPPLIERID,CATEGORYID,UNIT,PRICE) values (71,'Fløtemysost',15,4,'10 - 500 g pkgs.',21.5);
Insert into HR.PRODUCTS (PRODUCTID,PRODUCTNAME,SUPPLIERID,CATEGORYID,UNIT,PRICE) values (72,'Mozzarella di Giovanni',14,4,'24 - 200 g pkgs.',34.8);
Insert into HR.PRODUCTS (PRODUCTID,PRODUCTNAME,SUPPLIERID,CATEGORYID,UNIT,PRICE) values (73,'Röd Kaviar',17,8,'24 - 150 g jars',15);
Insert into HR.PRODUCTS (PRODUCTID,PRODUCTNAME,SUPPLIERID,CATEGORYID,UNIT,PRICE) values (74,'Longlife Tofu',4,7,'5 kg pkg.',10);
Insert into HR.PRODUCTS (PRODUCTID,PRODUCTNAME,SUPPLIERID,CATEGORYID,UNIT,PRICE) values (75,'Rhönbräu Klosterbier',12,1,'24 - 0.5 l bottles',7.75);
Insert into HR.PRODUCTS (PRODUCTID,PRODUCTNAME,SUPPLIERID,CATEGORYID,UNIT,PRICE) values (76,'Lakkalikööri',23,1,'500 ml',18);
Insert into HR.PRODUCTS (PRODUCTID,PRODUCTNAME,SUPPLIERID,CATEGORYID,UNIT,PRICE) values (77,'Original Frankfurter grüne Soße',12,2,'12 boxes',13);
--INSERTING into HR.SHIPPERS
-- SET DEFINE OFF;
Insert into HR.SHIPPERS (SHIPPERID,SHIPPERNAME,PHONE) values (1,'Speedy Express','(503) 555-9831');
Insert into HR.SHIPPERS (SHIPPERID,SHIPPERNAME,PHONE) values (2,'United Package','(503) 555-3199');
Insert into HR.SHIPPERS (SHIPPERID,SHIPPERNAME,PHONE) values (3,'Federal Shipping','(503) 555-9931');
--INSERTING into HR.SUPPLIERS
-- SET DEFINE OFF;
Insert into HR.SUPPLIERS (SUPPLIERID,SUPPLIERNAME,CONTACTNAME,ADDRESS,CITY,POSTALCODE,COUNTRY,PHONE) values (1,'Exotic Liquid','Charlotte Cooper','49 Gilbert St.','Londona','EC1 4SD','UK','(171) 555-2222');
Insert into HR.SUPPLIERS (SUPPLIERID,SUPPLIERNAME,CONTACTNAME,ADDRESS,CITY,POSTALCODE,COUNTRY,PHONE) values (2,'New Orleans Cajun Delights','Shelley Burke','P.O. Box 78934','New Orleans','70117','USA','(100) 555-4822');
Insert into HR.SUPPLIERS (SUPPLIERID,SUPPLIERNAME,CONTACTNAME,ADDRESS,CITY,POSTALCODE,COUNTRY,PHONE) values (3,'Grandma Kelly''s Homestead','Regina Murphy','707 Oxford Rd.','Ann Arbor','48104','USA','(313) 555-5735');
Insert into HR.SUPPLIERS (SUPPLIERID,SUPPLIERNAME,CONTACTNAME,ADDRESS,CITY,POSTALCODE,COUNTRY,PHONE) values (4,'Tokyo Traders','Yoshi Nagase','9-8 Sekimai Musashino-shi','Tokyo','100','Japan','(03) 3555-5011');
Insert into HR.SUPPLIERS (SUPPLIERID,SUPPLIERNAME,CONTACTNAME,ADDRESS,CITY,POSTALCODE,COUNTRY,PHONE) values (5,'Cooperativa de Quesos ''Las Cabras''','Antonio del Valle Saavedra','Calle del Rosal 4','Oviedo','33007','Spain','(98) 598 76 54');
Insert into HR.SUPPLIERS (SUPPLIERID,SUPPLIERNAME,CONTACTNAME,ADDRESS,CITY,POSTALCODE,COUNTRY,PHONE) values (6,'Mayumi''s','Mayumi Ohno','92 Setsuko Chuo-ku','Osaka','545','Japan','(06) 431-7877');
Insert into HR.SUPPLIERS (SUPPLIERID,SUPPLIERNAME,CONTACTNAME,ADDRESS,CITY,POSTALCODE,COUNTRY,PHONE) values (7,'Pavlova, Ltd.','Ian Devling','74 Rose St. Moonie Ponds','Melbourne','3058','Australia','(03) 444-2343');
Insert into HR.SUPPLIERS (SUPPLIERID,SUPPLIERNAME,CONTACTNAME,ADDRESS,CITY,POSTALCODE,COUNTRY,PHONE) values (8,'Specialty Biscuits, Ltd.','Peter Wilson','29 King''s Way','Manchester','M14 GSD','UK','(161) 555-4448');
Insert into HR.SUPPLIERS (SUPPLIERID,SUPPLIERNAME,CONTACTNAME,ADDRESS,CITY,POSTALCODE,COUNTRY,PHONE) values (9,'PB Knäckebröd AB','Lars Peterson','Kaloadagatan 13','Göteborg','S-345 67','Sweden','031-987 65 43');
Insert into HR.SUPPLIERS (SUPPLIERID,SUPPLIERNAME,CONTACTNAME,ADDRESS,CITY,POSTALCODE,COUNTRY,PHONE) values (10,'Refrescos Americanas LTDA','Carlos Diaz','Av. das Americanas 12.890','São Paulo','5442','Brazil','(11) 555 4640');
Insert into HR.SUPPLIERS (SUPPLIERID,SUPPLIERNAME,CONTACTNAME,ADDRESS,CITY,POSTALCODE,COUNTRY,PHONE) values (11,'Heli Süßwaren GmbH & Co. KG','Petra Winkler','Tiergartenstraße 5','Berlin','10785','Germany','(010) 9984510');
Insert into HR.SUPPLIERS (SUPPLIERID,SUPPLIERNAME,CONTACTNAME,ADDRESS,CITY,POSTALCODE,COUNTRY,PHONE) values (12,'Plutzer Lebensmittelgroßmärkte AG','Martin Bein','Bogenallee 51','Frankfurt','60439','Germany','(069) 992755');
Insert into HR.SUPPLIERS (SUPPLIERID,SUPPLIERNAME,CONTACTNAME,ADDRESS,CITY,POSTALCODE,COUNTRY,PHONE) values (13,'Nord-Ost-Fisch Handelsgesellschaft mbH','Sven Petersen','Frahmredder 112a','Cuxhaven','27478','Germany','(04721) 8713');
Insert into HR.SUPPLIERS (SUPPLIERID,SUPPLIERNAME,CONTACTNAME,ADDRESS,CITY,POSTALCODE,COUNTRY,PHONE) values (14,'Formaggi Fortini s.r.l.','Elio Rossi','Viale Dante, 75','Ravenna','48100','Italy','(0544) 60323');
Insert into HR.SUPPLIERS (SUPPLIERID,SUPPLIERNAME,CONTACTNAME,ADDRESS,CITY,POSTALCODE,COUNTRY,PHONE) values (15,'Norske Meierier','Beate Vileid','Hatlevegen 5','Sandvika','1320','Norway','(0)2-953010');
Insert into HR.SUPPLIERS (SUPPLIERID,SUPPLIERNAME,CONTACTNAME,ADDRESS,CITY,POSTALCODE,COUNTRY,PHONE) values (16,'Bigfoot Breweries','Cheryl Saylor','3400 - 8th Avenue Suite 210','Bend','97101','USA','(503) 555-9931');
Insert into HR.SUPPLIERS (SUPPLIERID,SUPPLIERNAME,CONTACTNAME,ADDRESS,CITY,POSTALCODE,COUNTRY,PHONE) values (17,'Svensk Sjöföda AB','Michael Björn','Brovallavägen 231','Stockholm','S-123 45','Sweden','08-123 45 67');
Insert into HR.SUPPLIERS (SUPPLIERID,SUPPLIERNAME,CONTACTNAME,ADDRESS,CITY,POSTALCODE,COUNTRY,PHONE) values (18,'Aux joyeux ecclésiastiques','Guylène Nodier','203, Rue des Francs-Bourgeois','Paris','75004','France','(1) 03.83.00.68');
Insert into HR.SUPPLIERS (SUPPLIERID,SUPPLIERNAME,CONTACTNAME,ADDRESS,CITY,POSTALCODE,COUNTRY,PHONE) values (19,'New England Seafood Cannery','Robb Merchant','Order Processing Dept. 2100 Paul Revere Blvd.','Boston','2134','USA','(617) 555-3267');
Insert into HR.SUPPLIERS (SUPPLIERID,SUPPLIERNAME,CONTACTNAME,ADDRESS,CITY,POSTALCODE,COUNTRY,PHONE) values (20,'Leka Trading','Chandra Leka','471 Serangoon Loop, Suite #402','Singapore','512','Singapore','555-8787');
Insert into HR.SUPPLIERS (SUPPLIERID,SUPPLIERNAME,CONTACTNAME,ADDRESS,CITY,POSTALCODE,COUNTRY,PHONE) values (21,'Lyngbysild','Niels Petersen','Lyngbysild Fiskebakken 10','Lyngby','2800','Denmark','43844108');
Insert into HR.SUPPLIERS (SUPPLIERID,SUPPLIERNAME,CONTACTNAME,ADDRESS,CITY,POSTALCODE,COUNTRY,PHONE) values (22,'Zaanse Snoepfabriek','Dirk Luchte','Verkoop Rijnweg 22','Zaandam','9999 ZZ','Netherlands','(12345) 1212');
Insert into HR.SUPPLIERS (SUPPLIERID,SUPPLIERNAME,CONTACTNAME,ADDRESS,CITY,POSTALCODE,COUNTRY,PHONE) values (23,'Karkki Oy','Anne Heikkonen','Valtakatu 12','Lappeenranta','53120','Finland','(953) 10956');
Insert into HR.SUPPLIERS (SUPPLIERID,SUPPLIERNAME,CONTACTNAME,ADDRESS,CITY,POSTALCODE,COUNTRY,PHONE) values (24,'G''day, Mate','Wendy Mackenzie','170 Prince Edward Parade Hunter''s Hill','Sydney','2042','Australia','(02) 555-5914');
Insert into HR.SUPPLIERS (SUPPLIERID,SUPPLIERNAME,CONTACTNAME,ADDRESS,CITY,POSTALCODE,COUNTRY,PHONE) values (25,'Ma Maison','Jean-Guy Lauzon','2960 Rue St. Laurent','Montréal','H1J 1C3','Canada','(514) 555-9022');
Insert into HR.SUPPLIERS (SUPPLIERID,SUPPLIERNAME,CONTACTNAME,ADDRESS,CITY,POSTALCODE,COUNTRY,PHONE) values (26,'Pasta Buttini s.r.l.','Giovanni Giudici','Via dei Gelsomini, 153','Salerno','84100','Italy','(089) 6547665');
Insert into HR.SUPPLIERS (SUPPLIERID,SUPPLIERNAME,CONTACTNAME,ADDRESS,CITY,POSTALCODE,COUNTRY,PHONE) values (27,'Escargots Nouveaux','Marie Delamare','22, rue H. Voiron','Montceau','71300','France','85.57.00.07');
Insert into HR.SUPPLIERS (SUPPLIERID,SUPPLIERNAME,CONTACTNAME,ADDRESS,CITY,POSTALCODE,COUNTRY,PHONE) values (28,'Gai pâturage','Eliane Noz','Bat. B 3, rue des Alpes','Annecy','74000','France','38.76.98.06');
Insert into HR.SUPPLIERS (SUPPLIERID,SUPPLIERNAME,CONTACTNAME,ADDRESS,CITY,POSTALCODE,COUNTRY,PHONE) values (29,'Forêts d''érables','Chantal Goulet','148 rue Chasseur','Ste-Hyacinthe','J2S 7S8','Canada','(514) 555-2955');
--------------------------------------------------------
--  DDL for Index AGENTS_PK
--------------------------------------------------------

CREATE UNIQUE INDEX "HR"."AGENTS_PK" ON "HR"."AGENTS" ("EMPLOYEEID")
    PCTFREE 10 INITRANS 2 MAXTRANS 255 COMPUTE STATISTICS
    STORAGE(INITIAL 65536 NEXT 1048576 MINEXTENTS 1 MAXEXTENTS 2147483645
    PCTINCREASE 0 FREELISTS 1 FREELIST GROUPS 1 BUFFER_POOL DEFAULT FLASH_CACHE DEFAULT CELL_FLASH_CACHE DEFAULT)
    TABLESPACE "USERS" ;
--------------------------------------------------------
--  DDL for Index CATEGORIES_PK
--------------------------------------------------------

CREATE UNIQUE INDEX "HR"."CATEGORIES_PK" ON "HR"."CATEGORIES" ("CATEGORYID")
    PCTFREE 10 INITRANS 2 MAXTRANS 255 COMPUTE STATISTICS
    STORAGE(INITIAL 65536 NEXT 1048576 MINEXTENTS 1 MAXEXTENTS 2147483645
    PCTINCREASE 0 FREELISTS 1 FREELIST GROUPS 1 BUFFER_POOL DEFAULT FLASH_CACHE DEFAULT CELL_FLASH_CACHE DEFAULT)
    TABLESPACE "USERS" ;
--------------------------------------------------------
--  DDL for Index CUSTOMERS_PK
--------------------------------------------------------

CREATE UNIQUE INDEX "HR"."CUSTOMERS_PK" ON "HR"."CUSTOMERS" ("CUSTOMERID")
    PCTFREE 10 INITRANS 2 MAXTRANS 255 COMPUTE STATISTICS
    STORAGE(INITIAL 65536 NEXT 1048576 MINEXTENTS 1 MAXEXTENTS 2147483645
    PCTINCREASE 0 FREELISTS 1 FREELIST GROUPS 1 BUFFER_POOL DEFAULT FLASH_CACHE DEFAULT CELL_FLASH_CACHE DEFAULT)
    TABLESPACE "USERS" ;
--------------------------------------------------------
--  DDL for Index ORDERDETAILS_PK
--------------------------------------------------------

CREATE UNIQUE INDEX "HR"."ORDERDETAILS_PK" ON "HR"."ORDERDETAILS" ("ORDERDETAILID")
    PCTFREE 10 INITRANS 2 MAXTRANS 255 COMPUTE STATISTICS
    STORAGE(INITIAL 65536 NEXT 1048576 MINEXTENTS 1 MAXEXTENTS 2147483645
    PCTINCREASE 0 FREELISTS 1 FREELIST GROUPS 1 BUFFER_POOL DEFAULT FLASH_CACHE DEFAULT CELL_FLASH_CACHE DEFAULT)
    TABLESPACE "USERS" ;
--------------------------------------------------------
--  DDL for Index ORDERS_PK
--------------------------------------------------------

CREATE UNIQUE INDEX "HR"."ORDERS_PK" ON "HR"."ORDERS" ("ORDERID")
    PCTFREE 10 INITRANS 2 MAXTRANS 255 COMPUTE STATISTICS
    STORAGE(INITIAL 65536 NEXT 1048576 MINEXTENTS 1 MAXEXTENTS 2147483645
    PCTINCREASE 0 FREELISTS 1 FREELIST GROUPS 1 BUFFER_POOL DEFAULT FLASH_CACHE DEFAULT CELL_FLASH_CACHE DEFAULT)
    TABLESPACE "USERS" ;
--------------------------------------------------------
--  DDL for Index PRODUCTS_PK
--------------------------------------------------------

CREATE UNIQUE INDEX "HR"."PRODUCTS_PK" ON "HR"."PRODUCTS" ("PRODUCTID")
    PCTFREE 10 INITRANS 2 MAXTRANS 255 COMPUTE STATISTICS
    STORAGE(INITIAL 65536 NEXT 1048576 MINEXTENTS 1 MAXEXTENTS 2147483645
    PCTINCREASE 0 FREELISTS 1 FREELIST GROUPS 1 BUFFER_POOL DEFAULT FLASH_CACHE DEFAULT CELL_FLASH_CACHE DEFAULT)
    TABLESPACE "USERS" ;
--------------------------------------------------------
--  DDL for Index PRODUCTS_PK
--------------------------------------------------------

CREATE UNIQUE INDEX "HR"."PRODUCTS_PK" ON "HR"."SHIPPERS" ("SHIPPERID")
    PCTFREE 10 INITRANS 2 MAXTRANS 255 COMPUTE STATISTICS
    STORAGE(INITIAL 65536 NEXT 1048576 MINEXTENTS 1 MAXEXTENTS 2147483645
    PCTINCREASE 0 FREELISTS 1 FREELIST GROUPS 1 BUFFER_POOL DEFAULT FLASH_CACHE DEFAULT CELL_FLASH_CACHE DEFAULT)
    TABLESPACE "USERS" ;
--------------------------------------------------------
--  DDL for Index PRODUCTS_PK
--------------------------------------------------------

CREATE UNIQUE INDEX "HR"."PRODUCTS_PK" ON "HR"."SUPPLIERS" ("SUPPLIERID")
    PCTFREE 10 INITRANS 2 MAXTRANS 255 COMPUTE STATISTICS
    STORAGE(INITIAL 65536 NEXT 1048576 MINEXTENTS 1 MAXEXTENTS 2147483645
    PCTINCREASE 0 FREELISTS 1 FREELIST GROUPS 1 BUFFER_POOL DEFAULT FLASH_CACHE DEFAULT CELL_FLASH_CACHE DEFAULT)
    TABLESPACE "USERS" ;

--  DDL for Sequence CATEGORIES_SEQ
--------------------------------------------------------

CREATE SEQUENCE  "HR"."CATEGORIES_SEQ"  MINVALUE 1 MAXVALUE 9999999999999999999999999999 INCREMENT BY 1 START WITH 9 CACHE 20 NOORDER  NOCYCLE ;
--------------------------------------------------------
--  DDL for Sequence CUSTOMERS_SEQ
--------------------------------------------------------

CREATE SEQUENCE  "HR"."CUSTOMERS_SEQ"  MINVALUE 1 MAXVALUE 9999999999999999999999999999 INCREMENT BY 1 START WITH 92 CACHE 20 NOORDER  NOCYCLE ;
--------------------------------------------------------
--  DDL for Sequence AGENT_SEQ
--------------------------------------------------------

CREATE SEQUENCE  "HR"."AGENTS_SEQ"  MINVALUE 1 MAXVALUE 9999999999999999999999999999 INCREMENT BY 1 START WITH 11 CACHE 20 NOORDER  NOCYCLE ;
--------------------------------------------------------
--  DDL for Sequence ORDERDETAILS_SEQ
--------------------------------------------------------

CREATE SEQUENCE  "HR"."ORDERDETAILS_SEQ"  MINVALUE 1 MAXVALUE 9999999999999999999999999999 INCREMENT BY 1 START WITH 519 CACHE 20 NOORDER  NOCYCLE ;
--------------------------------------------------------
--  DDL for Sequence ORDERS_SEQ
--------------------------------------------------------

CREATE SEQUENCE  "HR"."ORDERS_SEQ"  MINVALUE 1 MAXVALUE 9999999999999999999999999999 INCREMENT BY 1 START WITH 10444 CACHE 20 NOORDER  NOCYCLE ;
--------------------------------------------------------
--  DDL for Sequence PRODUCTS_SEQ
--------------------------------------------------------

CREATE SEQUENCE  "HR"."PRODUCTS_SEQ"  MINVALUE 1 MAXVALUE 9999999999999999999999999999 INCREMENT BY 1 START WITH 78 CACHE 20 NOORDER  NOCYCLE ;
--------------------------------------------------------
--  DDL for Sequence SHIPPERS_SEQ
--------------------------------------------------------

CREATE SEQUENCE  "HR"."SHIPPERS_SEQ"  MINVALUE 1 MAXVALUE 9999999999999999999999999999 INCREMENT BY 1 START WITH 4 CACHE 20 NOORDER  NOCYCLE ;
--------------------------------------------------------
--  DDL for Sequence SUPPLIERS_SEQ
--------------------------------------------------------

CREATE SEQUENCE  "HR"."SUPPLIERS_SEQ"  MINVALUE 1 MAXVALUE 9999999999999999999999999999 INCREMENT BY 1 START WITH 30 CACHE 20 NOORDER  NOCYCLE ;

--------------------------------------------------------
--  DDL for Trigger EMPLOYEES_TRG
--------------------------------------------------------

CREATE OR REPLACE TRIGGER "HR"."EMPLOYEES_TRG"
    BEFORE INSERT ON AGENTS
    FOR EACH ROW
BEGIN
    <<COLUMN_SEQUENCES>>
    BEGIN
        IF INSERTING AND :NEW.EMPLOYEEID IS NULL THEN
            SELECT EMPLOYEES_SEQ.NEXTVAL INTO :NEW.EMPLOYEEID FROM SYS.DUAL;
        END IF;
    END COLUMN_SEQUENCES;
END;
/
ALTER TRIGGER "HR"."EMPLOYEES_TRG" ENABLE;
--------------------------------------------------------
--  DDL for Trigger CATEGORIES_TRG
--------------------------------------------------------

CREATE OR REPLACE TRIGGER "HR"."CATEGORIES_TRG"
    BEFORE INSERT ON CATEGORIES
    FOR EACH ROW
BEGIN
    <<COLUMN_SEQUENCES>>
    BEGIN
        IF INSERTING AND :NEW.CATEGORYID IS NULL THEN
            SELECT CATEGORIES_SEQ.NEXTVAL INTO :NEW.CATEGORYID FROM SYS.DUAL;
        END IF;
    END COLUMN_SEQUENCES;
END;
/
ALTER TRIGGER "HR"."CATEGORIES_TRG" ENABLE;
--------------------------------------------------------
--  DDL for Trigger CUSTOMERS_TRG
--------------------------------------------------------

CREATE OR REPLACE TRIGGER "HR"."CUSTOMERS_TRG"
    BEFORE INSERT ON CUSTOMERS
    FOR EACH ROW
BEGIN
    <<COLUMN_SEQUENCES>>
    BEGIN
        IF INSERTING AND :NEW.CUSTOMERID IS NULL THEN
            SELECT CUSTOMERS_SEQ.NEXTVAL INTO :NEW.CUSTOMERID FROM SYS.DUAL;
        END IF;
    END COLUMN_SEQUENCES;
END;
/
ALTER TRIGGER "HR"."CUSTOMERS_TRG" ENABLE;
--------------------------------------------------------
--  DDL for Trigger ORDERDETAILS_TRG
--------------------------------------------------------

CREATE OR REPLACE TRIGGER "HR"."ORDERDETAILS_TRG"
    BEFORE INSERT ON ORDERDETAILS
    FOR EACH ROW
BEGIN
    <<COLUMN_SEQUENCES>>
    BEGIN
        IF INSERTING AND :NEW.ORDERDETAILID IS NULL THEN
            SELECT ORDERDETAILS_SEQ.NEXTVAL INTO :NEW.ORDERDETAILID FROM SYS.DUAL;
        END IF;
    END COLUMN_SEQUENCES;
END;
/
ALTER TRIGGER "HR"."ORDERDETAILS_TRG" ENABLE;
--------------------------------------------------------
--  DDL for Trigger ORDERS_TRG
--------------------------------------------------------

CREATE OR REPLACE TRIGGER "HR"."ORDERS_TRG"
    BEFORE INSERT ON ORDERS
    FOR EACH ROW
BEGIN
    <<COLUMN_SEQUENCES>>
    BEGIN
        IF INSERTING AND :NEW.ORDERID IS NULL THEN
            SELECT ORDERS_SEQ.NEXTVAL INTO :NEW.ORDERID FROM SYS.DUAL;
        END IF;
    END COLUMN_SEQUENCES;
END;
/
ALTER TRIGGER "HR"."ORDERS_TRG" ENABLE;
--------------------------------------------------------
--  DDL for Trigger PRODUCTS_TRG
--------------------------------------------------------

CREATE OR REPLACE TRIGGER "HR"."PRODUCTS_TRG"
    BEFORE INSERT ON PRODUCTS
    FOR EACH ROW
BEGIN
    <<COLUMN_SEQUENCES>>
    BEGIN
        IF INSERTING AND :NEW.PRODUCTID IS NULL THEN
            SELECT PRODUCTS_SEQ.NEXTVAL INTO :NEW.PRODUCTID FROM SYS.DUAL;
        END IF;
    END COLUMN_SEQUENCES;
END;
/
ALTER TRIGGER "HR"."PRODUCTS_TRG" ENABLE;
--------------------------------------------------------
--  DDL for Trigger SHIPPERS_TRG
--------------------------------------------------------

CREATE OR REPLACE TRIGGER "HR"."SHIPPERS_TRG"
    BEFORE INSERT ON SHIPPERS
    FOR EACH ROW
BEGIN
    <<COLUMN_SEQUENCES>>
    BEGIN
        IF INSERTING AND :NEW.SHIPPERID IS NULL THEN
            SELECT SHIPPERS_SEQ.NEXTVAL INTO :NEW.SHIPPERID FROM SYS.DUAL;
        END IF;
    END COLUMN_SEQUENCES;
END;
/
ALTER TRIGGER "HR"."SHIPPERS_TRG" ENABLE;
--------------------------------------------------------
--  DDL for Trigger SUPPLIERS_TRG
--------------------------------------------------------

CREATE OR REPLACE TRIGGER "HR"."SUPPLIERS_TRG"
    BEFORE INSERT ON SUPPLIERS
    FOR EACH ROW
BEGIN
    <<COLUMN_SEQUENCES>>
    BEGIN
        IF INSERTING AND :NEW.SUPPLIERID IS NULL THEN
            SELECT SUPPLIERS_SEQ.NEXTVAL INTO :NEW.SUPPLIERID FROM SYS.DUAL;
        END IF;
    END COLUMN_SEQUENCES;
END;
/
ALTER TRIGGER "HR"."SUPPLIERS_TRG" ENABLE;
--------------------------------------------------------
--  Constraints for Table AGENTS
--------------------------------------------------------

ALTER TABLE "HR"."AGENTS" ADD CONSTRAINT "EMPLOYEE_PK" PRIMARY KEY ("EMPLOYEEID")
    USING INDEX PCTFREE 10 INITRANS 2 MAXTRANS 255 COMPUTE STATISTICS
        STORAGE(INITIAL 65536 NEXT 1048576 MINEXTENTS 1 MAXEXTENTS 2147483645
        PCTINCREASE 0 FREELISTS 1 FREELIST GROUPS 1 BUFFER_POOL DEFAULT FLASH_CACHE DEFAULT CELL_FLASH_CACHE DEFAULT)
        TABLESPACE "USERS"  ENABLE;
--------------------------------------------------------
--  Constraints for Table CATEGORIES
--------------------------------------------------------

ALTER TABLE "HR"."CATEGORIES" ADD CONSTRAINT "CATEGORY_PK" PRIMARY KEY ("CATEGORYID")
    USING INDEX PCTFREE 10 INITRANS 2 MAXTRANS 255 COMPUTE STATISTICS
        STORAGE(INITIAL 65536 NEXT 1048576 MINEXTENTS 1 MAXEXTENTS 2147483645
        PCTINCREASE 0 FREELISTS 1 FREELIST GROUPS 1 BUFFER_POOL DEFAULT FLASH_CACHE DEFAULT CELL_FLASH_CACHE DEFAULT)
        TABLESPACE "USERS"  ENABLE;
--------------------------------------------------------
--  Constraints for Table CUSTOMERS
--------------------------------------------------------

ALTER TABLE "HR"."CUSTOMERS" ADD CONSTRAINT "CUSTOMER_PK" PRIMARY KEY ("CUSTOMERID")
    USING INDEX PCTFREE 10 INITRANS 2 MAXTRANS 255 COMPUTE STATISTICS
        STORAGE(INITIAL 65536 NEXT 1048576 MINEXTENTS 1 MAXEXTENTS 2147483645
        PCTINCREASE 0 FREELISTS 1 FREELIST GROUPS 1 BUFFER_POOL DEFAULT FLASH_CACHE DEFAULT CELL_FLASH_CACHE DEFAULT)
        TABLESPACE "USERS"  ENABLE;
--------------------------------------------------------
--  Constraints for Table ORDERDETAILS
--------------------------------------------------------

ALTER TABLE "HR"."ORDERDETAILS" ADD CONSTRAINT "ORDERDETAIL_PK" PRIMARY KEY ("ORDERDETAILID")
    USING INDEX PCTFREE 10 INITRANS 2 MAXTRANS 255 COMPUTE STATISTICS
        STORAGE(INITIAL 65536 NEXT 1048576 MINEXTENTS 1 MAXEXTENTS 2147483645
        PCTINCREASE 0 FREELISTS 1 FREELIST GROUPS 1 BUFFER_POOL DEFAULT FLASH_CACHE DEFAULT CELL_FLASH_CACHE DEFAULT)
        TABLESPACE "USERS"  ENABLE;
--------------------------------------------------------
--  Constraints for Table ORDERS
--------------------------------------------------------

ALTER TABLE "HR"."ORDERS" ADD CONSTRAINT "ORDER_PK" PRIMARY KEY ("ORDERID")
    USING INDEX PCTFREE 10 INITRANS 2 MAXTRANS 255 COMPUTE STATISTICS
        STORAGE(INITIAL 65536 NEXT 1048576 MINEXTENTS 1 MAXEXTENTS 2147483645
        PCTINCREASE 0 FREELISTS 1 FREELIST GROUPS 1 BUFFER_POOL DEFAULT FLASH_CACHE DEFAULT CELL_FLASH_CACHE DEFAULT)
        TABLESPACE "USERS"  ENABLE;
--------------------------------------------------------
--  Constraints for Table PRODUCTS
--------------------------------------------------------

ALTER TABLE "HR"."PRODUCTS" ADD CONSTRAINT "PRODUCT_PK" PRIMARY KEY ("PRODUCTID")
    USING INDEX PCTFREE 10 INITRANS 2 MAXTRANS 255 COMPUTE STATISTICS
        STORAGE(INITIAL 65536 NEXT 1048576 MINEXTENTS 1 MAXEXTENTS 2147483645
        PCTINCREASE 0 FREELISTS 1 FREELIST GROUPS 1 BUFFER_POOL DEFAULT FLASH_CACHE DEFAULT CELL_FLASH_CACHE DEFAULT)
        TABLESPACE "USERS"  ENABLE;
--------------------------------------------------------
--  Constraints for Table SHIPPERS
--------------------------------------------------------

ALTER TABLE "HR"."SHIPPERS" ADD CONSTRAINT "SHIPPER_PK" PRIMARY KEY ("SHIPPERID")
    USING INDEX PCTFREE 10 INITRANS 2 MAXTRANS 255 COMPUTE STATISTICS
        STORAGE(INITIAL 65536 NEXT 1048576 MINEXTENTS 1 MAXEXTENTS 2147483645
        PCTINCREASE 0 FREELISTS 1 FREELIST GROUPS 1 BUFFER_POOL DEFAULT FLASH_CACHE DEFAULT CELL_FLASH_CACHE DEFAULT)
        TABLESPACE "USERS"  ENABLE;
--------------------------------------------------------
--  Constraints for Table SUPPLIERS
--------------------------------------------------------

ALTER TABLE "HR"."SUPPLIERS" ADD CONSTRAINT "SUPPLIER_PK" PRIMARY KEY ("SUPPLIERID")
    USING INDEX PCTFREE 10 INITRANS 2 MAXTRANS 255 COMPUTE STATISTICS
        STORAGE(INITIAL 65536 NEXT 1048576 MINEXTENTS 1 MAXEXTENTS 2147483645
        PCTINCREASE 0 FREELISTS 1 FREELIST GROUPS 1 BUFFER_POOL DEFAULT FLASH_CACHE DEFAULT CELL_FLASH_CACHE DEFAULT)
        TABLESPACE "USERS"  ENABLE;
--------------------------------------------------------
--  Ref Constraints for Table ORDERDETAILS
--------------------------------------------------------

ALTER TABLE "HR"."ORDERDETAILS" ADD CONSTRAINT "ORDER_FK" FOREIGN KEY ("ORDERID")
    REFERENCES "HR"."ORDERS" ("ORDERID") ON DELETE CASCADE ENABLE;
ALTER TABLE "HR"."ORDERDETAILS" ADD CONSTRAINT "PRODUCT_FK" FOREIGN KEY ("PRODUCTID")
    REFERENCES "HR"."PRODUCTS" ("PRODUCTID") ON DELETE SET NULL ENABLE;
--------------------------------------------------------
--  Ref Constraints for Table ORDERS
--------------------------------------------------------

ALTER TABLE "HR"."ORDERS" ADD CONSTRAINT "CUSTOMER_FK" FOREIGN KEY ("CUSTOMERID")
    REFERENCES "HR"."CUSTOMERS" ("CUSTOMERID") ON DELETE CASCADE ENABLE;
ALTER TABLE "HR"."ORDERS" ADD CONSTRAINT "EMPLOYEE_FK" FOREIGN KEY ("EMPLOYEEID")
    REFERENCES "HR"."AGENTS" ("EMPLOYEEID") ON DELETE SET NULL ENABLE;
ALTER TABLE "HR"."ORDERS" ADD CONSTRAINT "SHIPPER_FK" FOREIGN KEY ("SHIPPERID")
    REFERENCES "HR"."SHIPPERS" ("SHIPPERID") ENABLE;
--------------------------------------------------------
--  Ref Constraints for Table PRODUCTS
--------------------------------------------------------

ALTER TABLE "HR"."PRODUCTS" ADD CONSTRAINT "CATEGORY_FK" FOREIGN KEY ("CATEGORYID")
    REFERENCES "HR"."CATEGORIES" ("CATEGORYID") ON DELETE SET NULL ENABLE;
ALTER TABLE "HR"."PRODUCTS" ADD CONSTRAINT "SUPPLIER_FK" FOREIGN KEY ("SUPPLIERID")
    REFERENCES "HR"."SUPPLIERS" ("SUPPLIERID") ENABLE;
